kind,n,seed,alpha,k,third,value,gap_vs_unrestricted_pct,generated_ops,reached_or_expanded_states,time_first,time_second,time_third,time_total,source_file
uniform,6,0,2,0,dp,188.613441866,12.3885363147,186,112,4.863e-06,3.4118e-05,2.7203e-05,7.3091e-05,week2_correctness.csv
uniform,6,0,2,1,dp,167.822669509,0.0,426,112,9.444e-06,7.8215e-05,3.9174e-05,0.000127979,week2_correctness.csv
uniform,6,0,2,2,dp,167.822669509,0.0,606,112,3.4569e-05,0.000126324,4.2572e-05,0.000205252,week2_correctness.csv
uniform,6,0,2,inf,dp,167.822669509,0.0,672,112,7.511e-05,0.00012527,4.1342e-05,0.000243243,week2_correctness.csv
uniform,6,0,2,0,astar,188.613441866,12.3885363147,186,104,1.3485e-05,1.5502e-05,8.2328e-05,0.000112664,week2_correctness.csv
uniform,6,0,2,1,astar,167.822669509,0.0,426,95,8.831e-06,4.6613e-05,8.3723e-05,0.000140567,week2_correctness.csv
uniform,6,0,2,2,astar,167.822669509,0.0,606,96,2.9613e-05,7.24e-05,8.7301e-05,0.000190296,week2_correctness.csv
uniform,6,0,2,inf,astar,167.822669509,0.0,672,96,6.8437e-05,0.000101964,8.6331e-05,0.00025811,week2_correctness.csv
uniform,6,1,2,0,dp,248.612164524,11.2297539174,186,112,1.4563e-05,0.000108084,2.6865e-05,0.00015212,week2_correctness.csv
uniform,6,1,2,1,dp,226.69978632,1.42609672265,426,112,1.013e-05,4.5023e-05,3.6531e-05,9.3195e-05,week2_correctness.csv
uniform,6,1,2,2,dp,223.512284949,0.0,606,112,3.0446e-05,7.2578e-05,4.1158e-05,0.000145296,week2_correctness.csv
uniform,6,1,2,inf,dp,223.512284949,0.0,672,112,6.4625e-05,9.1271e-05,4.1062e-05,0.00019811,week2_correctness.csv
uniform,6,1,2,0,astar,248.612164524,11.2297539174,186,109,1.345e-05,1.576e-05,7.6853e-05,0.00010758,week2_correctness.csv
uniform,6,1,2,1,astar,226.69978632,1.42609672265,426,103,7.621e-06,7.1944e-05,8.7114e-05,0.000168609,week2_correctness.csv
uniform,6,1,2,2,astar,223.512284949,0.0,606,102,3.0008e-05,7.2735e-05,8.8193e-05,0.000192811,week2_correctness.csv
uniform,6,1,2,inf,astar,223.512284949,0.0,672,102,6.8177e-05,0.000135912,8.7675e-05,0.000293032,week2_correctness.csv
uniform,6,2,2,0,dp,193.908576556,0.0,186,112,1.4669e-05,1.6355e-05,2.7236e-05,6.097e-05,week2_correctness.csv
uniform,6,2,2,1,dp,193.908576556,0.0,426,112,9.058e-06,4.5624e-05,3.7192e-05,9.3288e-05,week2_correctness.csv
uniform,6,2,2,2,dp,193.908576556,0.0,606,112,2.8698e-05,7.4928e-05,4.1936e-05,0.000146778,week2_correctness.csv
uniform,6,2,2,inf,dp,193.908576556,0.0,672,112,6.679e-05,9.1265e-05,4.2176e-05,0.000201982,week2_correctness.csv
uniform,6,2,2,0,astar,193.908576556,0.0,186,104,1.3561e-05,1.5386e-05,7.5187e-05,0.000105818,week2_correctness.csv
uniform,6,2,2,1,astar,193.908576556,0.0,426,106,7.7e-06,4.5025e-05,8.7882e-05,0.000141883,week2_correctness.csv
uniform,6,2,2,2,astar,193.908576556,0.0,606,106,2.8061e-05,7.1904e-05,9.1513e-05,0.000192772,week2_correctness.csv
uniform,6,2,2,inf,astar,193.908576556,0.0,672,106,6.6081e-05,8.9054e-05,0.000116889,0.000274081,week2_correctness.csv
uniform,6,3,2,0,dp,136.117140033,5.25281058976,186,112,1.599e-05,1.9656e-05,2.6636e-05,6.565e-05,week2_correctness.csv
uniform,6,3,2,1,dp,129.323995502,0.0,426,112,9.953e-06,4.6757e-05,3.6725e-05,9.475e-05,week2_correctness.csv
uniform,6,3,2,2,dp,129.323995502,0.0,606,112,3.0132e-05,7.6788e-05,4.1833e-05,0.000149839,week2_correctness.csv
uniform,6,3,2,inf,dp,129.323995502,0.0,672,112,6.7954e-05,9.8631e-05,4.052e-05,0.000208746,week2_correctness.csv
uniform,6,3,2,0,astar,136.117140033,5.25281058976,186,93,1.3474e-05,1.5966e-05,7.0383e-05,0.000101503,week2_correctness.csv
uniform,6,3,2,1,astar,129.323995502,0.0,426,87,7.899e-06,4.7061e-05,7.9783e-05,0.000136097,week2_correctness.csv
uniform,6,3,2,2,astar,129.323995502,0.0,606,87,2.8805e-05,7.5253e-05,0.000109325,0.000214839,week2_correctness.csv
uniform,6,3,2,inf,astar,129.323995502,0.0,672,87,6.7174e-05,9.303e-05,8.2723e-05,0.000244913,week2_correctness.csv
uniform,6,4,2,0,dp,210.536924536,0.090060386154,186,112,1.4125e-05,1.5264e-05,2.5722e-05,5.7394e-05,week2_correctness.csv
uniform,6,4,2,1,dp,210.347484779,0.0,426,112,8.9e-06,4.6557e-05,3.7089e-05,9.3712e-05,week2_correctness.csv
uniform,6,4,2,2,dp,210.347484779,0.0,606,112,3.0329e-05,7.5119e-05,4.2336e-05,0.000149427,week2_correctness.csv
uniform,6,4,2,inf,dp,210.347484779,0.0,672,112,6.7101e-05,0.000121609,4.1773e-05,0.00023241,week2_correctness.csv
uniform,6,4,2,0,astar,210.536924536,0.090060386154,186,104,1.5608e-05,1.9612e-05,7.5017e-05,0.000114955,week2_correctness.csv
uniform,6,4,2,1,astar,210.347484779,0.0,426,106,9.786e-06,5.3057e-05,0.008327771,0.008393692,week2_correctness.csv
uniform,6,4,2,2,astar,210.347484779,0.0,606,106,3.641e-05,8.1611e-05,0.000128858,0.000251433,week2_correctness.csv
uniform,6,4,2,inf,astar,210.347484779,0.0,672,106,7.5273e-05,9.6263e-05,9.5651e-05,0.000270484,week2_correctness.csv
uniform,7,0,2,0,dp,204.72372816,8.33806728649,301,256,1.5745e-05,2.7891e-05,7.113e-05,0.00011899,week2_correctness.csv
uniform,7,0,2,1,dp,188.967491564,0.0,826,256,1.412e-05,8.7491e-05,0.00011906,0.000222709,week2_correctness.csv
uniform,7,0,2,2,dp,188.967491564,0.0,1386,256,5.6791e-05,0.000194125,0.000148272,0.000401249,week2_correctness.csv
uniform,7,0,2,inf,dp,188.967491564,0.0,1792,256,0.000186373,0.000361886,0.000158699,0.000709085,week2_correctness.csv
uniform,7,0,2,0,astar,204.72372816,8.33806728649,301,237,3.285e-06,2.9138e-05,0.000225183,0.000263319,week2_correctness.csv
uniform,7,0,2,1,astar,188.967491564,0.0,826,227,1.4782e-05,8.856e-05,0.00028736,0.000393482,week2_correctness.csv
uniform,7,0,2,2,astar,188.967491564,0.0,1386,227,5.7982e-05,0.000194741,0.000327007,0.000582132,week2_correctness.csv
uniform,7,0,2,inf,astar,188.967491564,0.0,1792,227,0.00019181,0.000288634,0.000373426,0.00085712,week2_correctness.csv
uniform,7,1,2,0,dp,255.613991712,14.3531830289,301,256,4.274e-06,2.7952e-05,7.3326e-05,0.000109401,week2_correctness.csv
uniform,7,1,2,1,dp,235.23145667,5.23471598144,826,256,1.5654e-05,8.6918e-05,0.000111633,0.000216117,week2_correctness.csv
uniform,7,1,2,2,dp,226.725807003,1.42957172218,1386,256,5.6279e-05,0.000215067,0.000143576,0.000417334,week2_correctness.csv
uniform,7,1,2,inf,dp,223.530281311,0.0,1792,256,0.00020416,0.000319772,0.000219217,0.00074742,week2_correctness.csv
uniform,7,1,2,0,astar,255.613991712,14.3531830289,301,251,4.435e-06,2.9663e-05,0.000217755,0.000256035,week2_correctness.csv
uniform,7,1,2,1,astar,235.23145667,5.23471598144,826,244,1.4898e-05,8.8693e-05,0.000283893,0.0003903,week2_correctness.csv
uniform,7,1,2,2,astar,226.725807003,1.42957172218,1386,241,5.8673e-05,0.000202417,0.000352266,0.000616512,week2_correctness.csv
uniform,7,1,2,inf,astar,223.530281311,0.0,1792,240,0.000215385,0.000314558,0.000338877,0.000875041,week2_correctness.csv
uniform,7,2,2,0,dp,224.040013323,6.38554954462,301,256,4.647e-06,2.9126e-05,6.9613e-05,0.000107669,week2_correctness.csv
uniform,7,2,2,1,dp,210.592523404,0.0,826,256,1.485e-05,8.3919e-05,0.000117038,0.000217103,week2_correctness.csv
uniform,7,2,2,2,dp,210.592523404,0.0,1386,256,5.4713e-05,0.000185526,0.000144395,0.000386033,week2_correctness.csv
uniform,7,2,2,inf,dp,210.592523404,0.0,1792,256,0.000200588,0.000282736,0.000172922,0.000659724,week2_correctness.csv
uniform,7,2,2,0,astar,224.040013323,6.38554954462,301,247,3.508e-06,2.5939e-05,0.00020738,0.000240098,week2_correctness.csv
uniform,7,2,2,1,astar,210.592523404,0.0,826,236,1.3907e-05,8.5135e-05,0.000282417,0.000383575,week2_correctness.csv
uniform,7,2,2,2,astar,210.592523404,0.0,1386,236,5.8571e-05,0.000177902,0.000365674,0.000605008,week2_correctness.csv
uniform,7,2,2,inf,astar,210.592523404,0.0,1792,236,0.000191521,0.002581188,0.000652094,0.003432118,week2_correctness.csv
uniform,7,3,2,0,dp,135.348517291,8.20895108871,301,256,4.566e-06,2.8951e-05,7.314e-05,0.000110011,week2_correctness.csv
uniform,7,3,2,1,dp,125.080703518,0.0,826,256,1.4453e-05,8.9731e-05,0.00011671,0.000222255,week2_correctness.csv
uniform,7,3,2,2,dp,125.080703518,0.0,1386,256,5.7748e-05,0.000429537,0.000148233,0.000638001,week2_correctness.csv
uniform,7,3,2,inf,dp,125.080703518,0.0,1792,256,0.00019099,0.000344452,0.000193281,0.000733958,week2_correctness.csv
uniform,7,3,2,0,astar,135.348517291,8.20895108871,301,210,4.391e-06,2.8473e-05,0.000411731,0.000448612,week2_correctness.csv
uniform,7,3,2,1,astar,125.080703518,0.0,826,193,1.595e-05,9.0236e-05,0.000372482,0.000482978,week2_correctness.csv
uniform,7,3,2,2,astar,125.080703518,0.0,1386,194,0.000202082,0.000196436,0.00043764,0.000841793,week2_correctness.csv
uniform,7,3,2,inf,astar,125.080703518,0.0,1792,194,0.000845906,0.001253212,0.000311159,0.002415438,week2_correctness.csv
uniform,7,4,2,0,dp,228.999722053,7.60003754348,301,256,4.299e-06,2.6796e-05,7.1142e-05,0.000106413,week2_correctness.csv
uniform,7,4,2,1,dp,212.824946237,0.0,826,256,1.39e-05,0.000145978,0.000143264,0.000305781,week2_correctness.csv
uniform,7,4,2,2,dp,212.824946237,0.0,1386,256,5.9225e-05,0.000213051,0.000149314,0.000425356,week2_correctness.csv
uniform,7,4,2,inf,dp,212.824946237,0.0,1792,256,0.00018363,0.00034906,0.000162831,0.000699094,week2_correctness.csv
uniform,7,4,2,0,astar,228.999722053,7.60003754348,301,242,4.089e-06,2.6435e-05,0.000228749,0.000262735,week2_correctness.csv
uniform,7,4,2,1,astar,212.824946237,0.0,826,228,1.4622e-05,8.7985e-05,0.000328823,0.000434246,week2_correctness.csv
uniform,7,4,2,2,astar,212.824946237,0.0,1386,228,6.2578e-05,0.000204964,0.000351734,0.000624265,week2_correctness.csv
uniform,7,4,2,inf,astar,212.824946237,0.0,1792,228,0.000190226,0.000299073,0.000345375,0.000838887,week2_correctness.csv
uniform,8,0,2,0,dp,216.776810058,1.33850953071,456,576,4.08e-06,6.4402e-05,0.000175878,0.00025052,week2_correctness.csv
uniform,8,0,2,1,dp,213.913556714,0.0,1464,576,2.064e-05,0.000167747,0.000340311,0.000532218,week2_correctness.csv
uniform,8,0,2,2,dp,213.913556714,0.0,2864,576,7.4376e-05,0.000429512,0.000496907,0.001004469,week2_correctness.csv
uniform,8,0,2,inf,dp,213.913556714,0.0,4608,576,0.000556293,0.001195406,0.001774766,0.003531383,week2_correctness.csv
uniform,8,0,2,0,astar,216.776810058,1.33850953071,456,527,4.39e-06,3.8833e-05,0.000981828,0.001031571,week2_correctness.csv
uniform,8,0,2,1,astar,213.913556714,0.0,1464,534,1.8896e-05,0.000148977,0.000918723,0.001092629,week2_correctness.csv
uniform,8,0,2,2,astar,213.913556714,0.0,2864,534,0.000402404,0.000365459,0.001430236,0.002206482,week2_correctness.csv
uniform,8,0,2,inf,astar,213.913556714,0.0,4608,534,0.000688479,0.00108769,0.003037526,0.004822241,week2_correctness.csv
uniform,8,1,2,0,dp,257.504393792,9.46851983013,456,576,5.271e-06,3.8896e-05,0.000182186,0.000230997,week2_correctness.csv
uniform,8,1,2,1,dp,235.23145667,0.0,1464,576,1.9305e-05,0.000173315,0.000405754,0.000602507,week2_correctness.csv
uniform,8,1,2,2,dp,235.23145667,0.0,2864,576,7.4659e-05,0.000356041,0.000512419,0.000948253,week2_correctness.csv
uniform,8,1,2,inf,dp,235.23145667,0.0,4608,576,0.000440846,0.000989644,0.00079561,0.002231932,week2_correctness.csv
uniform,8,1,2,0,astar,257.504393792,9.46851983013,456,559,5.91e-06,0.000152871,0.000578699,0.000744581,week2_correctness.csv
uniform,8,1,2,1,astar,235.23145667,0.0,1464,550,1.943e-05,0.000144172,0.001323939,0.001492366,week2_correctness.csv
uniform,8,1,2,2,astar,235.23145667,0.0,2864,550,7.7374e-05,0.000403308,0.001088046,0.001574962,week2_correctness.csv
uniform,8,1,2,inf,astar,235.23145667,0.0,4608,550,0.000573617,0.000942256,0.001310173,0.002831662,week2_correctness.csv
uniform,8,2,2,0,dp,224.707151301,8.0892241985,456,576,5.216e-06,4.2917e-05,0.000180518,0.000233248,week2_correctness.csv
uniform,8,2,2,1,dp,207.890428456,0.0,1464,576,1.8918e-05,0.000145557,0.00145716,0.001624844,week2_correctness.csv
uniform,8,2,2,2,dp,207.890428456,0.0,2864,576,0.000423798,0.003183979,0.000497219,0.004160515,week2_correctness.csv
uniform,8,2,2,inf,dp,207.890428456,0.0,4608,576,0.000473022,0.000923074,0.000646679,0.002048577,week2_correctness.csv
uniform,8,2,2,0,astar,224.707151301,8.0892241985,456,559,4.888e-06,4.0909e-05,0.000593867,0.000644595,week2_correctness.csv
uniform,8,2,2,1,astar,207.890428456,0.0,1464,528,1.7396e-05,0.000147874,0.001113248,0.001284613,week2_correctness.csv
uniform,8,2,2,2,astar,207.890428456,0.0,2864,528,0.000101595,0.000357279,0.001163485,0.001630317,week2_correctness.csv
uniform,8,2,2,inf,astar,207.890428456,0.0,4608,528,0.000502716,0.000952353,0.001287604,0.002749638,week2_correctness.csv
uniform,8,3,2,0,dp,140.705068542,12.7882936344,456,576,4.831e-06,0.000210481,0.000176473,0.000395823,week2_correctness.csv
uniform,8,3,2,1,dp,124.75148263,0.0,1464,576,1.8259e-05,0.000139944,0.000442281,0.000603948,week2_correctness.csv
uniform,8,3,2,2,dp,124.75148263,0.0,2864,576,7.5506e-05,0.000351144,0.000495893,0.000929211,week2_correctness.csv
uniform,8,3,2,inf,dp,124.75148263,0.0,4608,576,0.000431427,0.000900752,0.000667187,0.002003769,week2_correctness.csv
uniform,8,3,2,0,astar,140.705068542,12.7882936344,456,512,4.542e-06,3.9114e-05,0.000589231,0.000637714,week2_correctness.csv
uniform,8,3,2,1,astar,124.75148263,0.0,1464,443,1.8847e-05,0.000145541,0.001170675,0.001343073,week2_correctness.csv
uniform,8,3,2,2,astar,124.75148263,0.0,2864,445,7.5337e-05,0.004948776,0.001060682,0.006092403,week2_correctness.csv
uniform,8,3,2,inf,astar,124.75148263,0.0,4608,445,0.000549485,0.001011259,0.001191252,0.002758719,week2_correctness.csv
uniform,8,4,2,0,dp,232.388315443,9.35113774825,456,576,5.35e-06,4.0141e-05,0.000203625,0.000253822,week2_correctness.csv
uniform,8,4,2,1,dp,214.361328507,0.868475752589,1464,576,1.9525e-05,0.000143957,0.000345381,0.000512665,week2_correctness.csv
uniform,8,4,2,2,dp,212.515681344,0.0,2864,576,7.4102e-05,0.000371939,0.000501357,0.000950487,week2_correctness.csv
uniform,8,4,2,inf,dp,212.515681344,0.0,4608,576,0.000483686,0.000980045,0.00127382,0.002742536,week2_correctness.csv
uniform,8,4,2,0,astar,232.388315443,9.35113774825,456,548,7.5675e-05,4.0521e-05,0.000721982,0.00084613,week2_correctness.csv
uniform,8,4,2,1,astar,214.361328507,0.868475752589,1464,523,0.000102758,0.000150455,0.001035621,0.001296387,week2_correctness.csv
uniform,8,4,2,2,astar,212.515681344,0.0,2864,519,7.5451e-05,0.000351204,0.00691898,0.007352868,week2_correctness.csv
uniform,8,4,2,inf,astar,212.515681344,0.0,4608,519,0.000459976,0.000958877,0.001430092,0.002858556,week2_correctness.csv
uniform,9,0,2,0,dp,220.037824194,1.62181023951,657,1280,5.43e-06,5.4936e-05,0.000486063,0.000555415,week2_correctness.csv
uniform,9,0,2,1,dp,216.804248206,0.128422242937,2421,1280,2.712e-05,0.000241775,0.003527377,0.00380237,week2_correctness.csv
uniform,9,0,2,2,dp,216.526180428,0.0,5445,1280,0.000502779,0.001404404,0.001737139,0.003653243,week2_correctness.csv
uniform,9,0,2,inf,dp,216.526180428,0.0,11520,1280,0.00496367,0.002845515,0.005651078,0.013469002,week2_correctness.csv
uniform,9,0,2,0,astar,220.037824194,1.62181023951,657,1196,0.000262326,5.4568e-05,0.004953986,0.005279234,week2_correctness.csv
uniform,9,0,2,1,astar,216.804248206,0.128422242937,2421,1205,2.6692e-05,0.00026072,0.002788696,0.003084887,week2_correctness.csv
uniform,9,0,2,2,astar,216.526180428,0.0,5445,1204,0.000113653,0.000690805,0.005095136,0.005910745,week2_correctness.csv
uniform,9,0,2,inf,astar,216.526180428,0.0,11520,1204,0.001626938,0.0035653,0.004200002,0.009401606,week2_correctness.csv
uniform,9,1,2,0,dp,250.195370956,5.84173995007,657,1280,3.63e-06,4.0591e-05,0.000347933,0.000395863,week2_correctness.csv
uniform,9,1,2,1,dp,241.802349241,2.29118656291,2421,1280,1.8448e-05,0.000204746,0.000691683,0.00091776,week2_correctness.csv
uniform,9,1,2,2,dp,236.386298141,0.0,5445,1280,0.000218913,0.000663209,0.001766459,0.002653384,week2_correctness.csv
uniform,9,1,2,inf,dp,236.386298141,0.0,11520,1280,0.00098929,0.00141158,0.010713309,0.013120145,week2_correctness.csv
uniform,9,1,2,0,astar,250.195370956,5.84173995007,657,1198,3.952e-06,3.977e-05,0.001108746,0.001157796,week2_correctness.csv
uniform,9,1,2,1,astar,241.802349241,2.29118656291,2421,1197,1.8265e-05,0.000181114,0.001795416,0.001997888,week2_correctness.csv
uniform,9,1,2,2,astar,236.386298141,0.0,5445,1179,7.9947e-05,0.000494516,0.011531902,0.012110732,week2_correctness.csv
uniform,9,1,2,inf,astar,236.386298141,0.0,11520,1179,0.00095831,0.001425593,0.003488488,0.005878378,week2_correctness.csv
uniform,9,2,2,0,dp,222.464502624,6.46715037581,657,1280,3.94e-06,4.2227e-05,0.000353508,0.000404146,week2_correctness.csv
uniform,9,2,2,1,dp,208.951307364,0.0,2421,1280,1.7405e-05,0.000165699,0.000672986,0.000859005,week2_correctness.csv
uniform,9,2,2,2,dp,208.951307364,0.0,5445,1280,0.000105482,0.000466397,0.001155369,0.001730129,week2_correctness.csv
uniform,9,2,2,inf,dp,208.951307364,0.0,11520,1280,0.000932545,0.001379498,0.01200078,0.014316787,week2_correctness.csv
uniform,9,2,2,0,astar,222.464502624,6.46715037581,657,1195,4.048e-06,4.0909e-05,0.001102544,0.001153108,week2_correctness.csv
uniform,9,2,2,1,astar,208.951307364,0.0,2421,1153,1.836e-05,0.00019195,0.00178086,0.001994199,week2_correctness.csv
uniform,9,2,2,2,astar,208.951307364,0.0,5445,1153,8.2536e-05,0.002080514,0.009513902,0.01168129,week2_correctness.csv
uniform,9,2,2,inf,astar,208.951307364,0.0,11520,1153,0.000983305,0.001335276,0.00349363,0.005818026,week2_correctness.csv
uniform,9,3,2,0,dp,171.12750717,11.9923006266,657,1280,4.679e-06,4.124e-05,0.000315717,0.000365523,week2_correctness.csv
uniform,9,3,2,1,dp,152.856080436,0.0347892392098,2421,1280,1.7398e-05,0.000168651,0.000652815,0.000841114,week2_correctness.csv
uniform,9,3,2,2,dp,152.856080436,0.0347892392098,5445,1280,8.2939e-05,0.011411475,0.001186219,0.012684656,week2_correctness.csv
uniform,9,3,2,inf,dp,152.802921462,0.0,11520,1280,0.000966537,0.001424799,0.002239349,0.004635599,week2_correctness.csv
uniform,9,3,2,0,astar,171.12750717,11.9923006266,657,1164,3.594e-06,4.1094e-05,0.001249647,0.001299574,week2_correctness.csv
uniform,9,3,2,1,astar,152.856080436,0.0347892392098,2421,1036,1.8992e-05,0.000197323,0.001634113,0.001853961,week2_correctness.csv
uniform,9,3,2,2,astar,152.856080436,0.0347892392098,5445,1043,8.001e-05,0.001705148,0.003530998,0.005319999,week2_correctness.csv
uniform,9,3,2,inf,astar,152.802921462,0.0,11520,1041,0.001000172,0.0014309,0.003688013,0.006124841,week2_correctness.csv
uniform,9,4,2,0,dp,243.793028286,9.59006093549,657,1280,3.819e-06,3.976e-05,0.000481832,0.000529671,week2_correctness.csv
uniform,9,4,2,1,dp,222.459068099,0.0,2421,1280,2.1917e-05,0.000376279,0.000693549,0.001098242,week2_correctness.csv
uniform,9,4,2,2,dp,222.459068099,0.0,5445,1280,8.7139e-05,0.000489787,0.004430522,0.005011714,week2_correctness.csv
uniform,9,4,2,inf,dp,222.459068099,0.0,11520,1280,0.002015248,0.001379914,0.002252541,0.005654195,week2_correctness.csv
uniform,9,4,2,0,astar,243.793028286,9.59006093549,657,1226,3.74e-06,4.1323e-05,0.001179269,0.001228846,week2_correctness.csv
uniform,9,4,2,1,astar,222.459068099,0.0,2421,1158,1.8195e-05,0.000197053,0.001945832,0.002164637,week2_correctness.csv
uniform,9,4,2,2,astar,222.459068099,0.0,5445,1158,8.257e-05,0.000483154,0.002586343,0.003155975,week2_correctness.csv
uniform,9,4,2,inf,astar,222.459068099,0.0,11520,1158,0.001183583,0.003073477,0.005089941,0.009351651,week2_correctness.csv
uniform,10,0,2,0,dp,232.166747608,4.4957656877,910,2816,4.775e-06,5.4101e-05,0.0009214,0.000985854,week2_correctness.csv
uniform,10,0,2,1,dp,222.178139067,0.0,3790,2816,2.3022e-05,0.000253384,0.00224583,0.002526825,week2_correctness.csv
uniform,10,0,2,2,dp,222.178139067,0.0,9670,2816,0.000126913,0.000789067,0.005195661,0.006117225,week2_correctness.csv
uniform,10,0,2,inf,dp,222.178139067,0.0,28160,2816,0.004572098,0.005725879,0.009983403,0.020288766,week2_correctness.csv
uniform,10,0,2,0,astar,232.166747608,4.4957656877,910,2633,0.001011787,5.3125e-05,0.003433011,0.004545753,week2_correctness.csv
uniform,10,0,2,1,astar,222.178139067,0.0,3790,2552,2.4927e-05,0.000297373,0.005184257,0.005512249,week2_correctness.csv
uniform,10,0,2,2,astar,222.178139067,0.0,9670,2552,0.000109483,0.000788325,0.009513014,0.010416289,week2_correctness.csv
uniform,10,0,2,inf,astar,222.178139067,0.0,28160,2552,0.003775727,0.004422646,0.019643987,0.02785179,week2_correctness.csv
uniform,10,1,2,0,dp,254.28121678,7.56201248971,910,2816,7.968e-06,5.4825e-05,0.003086673,0.003155973,week2_correctness.csv
uniform,10,1,2,1,dp,243.998213602,3.21225936914,3790,2816,0.000466846,0.000465668,0.003168946,0.004109113,week2_correctness.csv
uniform,10,1,2,2,dp,236.404294503,0.0,9670,2816,0.000118002,0.000809524,0.004099256,0.005032866,week2_correctness.csv
uniform,10,1,2,inf,dp,236.404294503,0.0,28160,2816,0.003255912,0.004588103,0.009930653,0.017781597,week2_correctness.csv
uniform,10,1,2,0,astar,254.28121678,7.56201248971,910,2655,4.996e-06,5.0747e-05,0.003164458,0.003226709,week2_correctness.csv
uniform,10,1,2,1,astar,243.998213602,3.21225936914,3790,2650,2.5255e-05,0.000453887,0.006349176,0.00683509,week2_correctness.csv
uniform,10,1,2,2,astar,236.404294503,0.0,9670,2620,0.00011789,0.000787822,0.009699953,0.010611406,week2_correctness.csv
uniform,10,1,2,inf,astar,236.404294503,0.0,28160,2620,0.00260386,0.004988243,0.016001743,0.023600541,week2_correctness.csv
uniform,10,2,2,0,dp,226.232202065,7.32243404028,910,2816,6.878e-06,0.000338776,0.001283303,0.001637243,week2_correctness.csv
uniform,10,2,2,1,dp,210.79674915,1.3482992287599999e-14,3790,2816,2.4345e-05,0.00025752,0.002046311,0.002333988,week2_correctness.csv
uniform,10,2,2,2,dp,210.79674915,0.0,9670,2816,0.000129027,0.000779487,0.004246675,0.005160438,week2_correctness.csv
uniform,10,2,2,inf,dp,210.79674915,0.0,28160,2816,0.002610814,0.005384271,0.009339779,0.017341365,week2_correctness.csv
uniform,10,2,2,0,astar,226.232202065,7.32243404028,910,2685,5.335e-06,5.8982e-05,0.002937186,0.003008141,week2_correctness.csv
uniform,10,2,2,1,astar,210.79674915,1.3482992287599999e-14,3790,2571,2.2967e-05,0.000240923,0.00805494,0.008323468,week2_correctness.csv
uniform,10,2,2,2,astar,210.79674915,0.0,9670,2573,0.000112215,0.000792695,0.016617265,0.017528837,week2_correctness.csv
uniform,10,2,2,inf,astar,210.79674915,0.0,28160,2573,0.00228461,0.015279431,0.015978081,0.033550326,week2_correctness.csv
uniform,10,3,2,0,dp,220.386782309,14.8366587048,910,2816,4.825e-06,5.1215e-05,0.000810413,0.00087132,week2_correctness.csv
uniform,10,3,2,1,dp,204.074999539,6.33709892506,3790,2816,2.3479e-05,0.000254715,0.001850375,0.002131914,week2_correctness.csv
uniform,10,3,2,2,dp,191.913266021,0.0,9670,2816,0.000110013,0.000799269,0.004583165,0.005496634,week2_correctness.csv
uniform,10,3,2,inf,dp,191.913266021,0.0,28160,2816,0.004242973,0.004485184,0.009237611,0.017974115,week2_correctness.csv
uniform,10,3,2,0,astar,220.386782309,14.8366587048,910,2675,5.037e-06,5.3718e-05,0.004032031,0.004096884,week2_correctness.csv
uniform,10,3,2,1,astar,204.074999539,6.33709892506,3790,2617,7.4545e-05,0.000552045,0.005044946,0.005677672,week2_correctness.csv
uniform,10,3,2,2,astar,191.913266021,0.0,9670,2443,0.000112404,0.000827803,0.008772009,0.009719677,week2_correctness.csv
uniform,10,3,2,inf,astar,191.913266021,0.0,28160,2448,0.002504334,0.006720618,0.01395004,0.023182799,week2_correctness.csv
uniform,10,4,2,0,dp,244.982505364,10.1247557396,910,2816,5.143e-06,5.5449e-05,0.000895992,0.000961379,week2_correctness.csv
uniform,10,4,2,1,dp,222.459068099,0.0,3790,2816,2.4045e-05,0.000252828,0.002496904,0.002777626,week2_correctness.csv
uniform,10,4,2,2,dp,222.459068099,0.0,9670,2816,0.000125426,0.000841839,0.004067484,0.005041309,week2_correctness.csv
uniform,10,4,2,inf,dp,222.459068099,0.0,28160,2816,0.002408041,0.004024343,0.010982279,0.017421586,week2_correctness.csv
uniform,10,4,2,0,astar,244.982505364,10.1247557396,910,2694,4.551e-06,4.9548e-05,0.003046721,0.003106493,week2_correctness.csv
uniform,10,4,2,1,astar,222.459068099,0.0,3790,2510,2.2997e-05,0.000281234,0.006276673,0.006587192,week2_correctness.csv
uniform,10,4,2,2,astar,222.459068099,0.0,9670,2512,0.000200209,0.000892608,0.008137353,0.009274846,week2_correctness.csv
uniform,10,4,2,inf,astar,222.459068099,0.0,28160,2512,0.002510515,0.006986972,0.015634915,0.025139444,week2_correctness.csv
uniform,8,0,2,0,dp,216.776810058,1.33850953071,456,576,1.3866e-05,7.787e-05,0.000199664,0.000300214,week3_uniform_k_compare.csv
uniform,8,0,2,1,dp,213.913556714,0.0,1464,576,1.701e-05,0.000225233,0.000370715,0.000617603,week3_uniform_k_compare.csv
uniform,8,0,2,2,dp,213.913556714,0.0,2864,576,7.2698e-05,0.000496883,0.000551726,0.001126854,week3_uniform_k_compare.csv
uniform,8,0,2,inf,dp,213.913556714,0.0,4608,576,0.000671538,0.001273833,0.000688764,0.002639623,week3_uniform_k_compare.csv
uniform,8,0,2,0,astar,216.776810058,1.33850953071,456,527,3.965e-06,3.9314e-05,0.000584547,0.000632711,week3_uniform_k_compare.csv
uniform,8,0,2,1,astar,213.913556714,0.0,1464,534,1.7908e-05,0.000147124,0.000935273,0.001103902,week3_uniform_k_compare.csv
uniform,8,0,2,2,astar,213.913556714,0.0,2864,534,7.3044e-05,0.000380256,0.003987522,0.004448931,week3_uniform_k_compare.csv
uniform,8,0,2,inf,astar,213.913556714,0.0,4608,534,0.000507617,0.002180537,0.001466057,0.004161668,week3_uniform_k_compare.csv
uniform,8,1,2,0,dp,257.504393792,9.46851983013,456,576,4.628e-06,3.7274e-05,0.000182189,0.000228893,week3_uniform_k_compare.csv
uniform,8,1,2,1,dp,235.23145667,0.0,1464,576,1.6301e-05,0.000155262,0.000336802,0.000510313,week3_uniform_k_compare.csv
uniform,8,1,2,2,dp,235.23145667,0.0,2864,576,8.7554e-05,0.000363016,0.000488125,0.000941852,week3_uniform_k_compare.csv
uniform,8,1,2,inf,dp,235.23145667,0.0,4608,576,0.000433893,0.001029759,0.000635508,0.002104148,week3_uniform_k_compare.csv
uniform,8,1,2,0,astar,257.504393792,9.46851983013,456,559,4.182e-06,3.8737e-05,0.000566746,0.000614947,week3_uniform_k_compare.csv
uniform,8,1,2,1,astar,235.23145667,0.0,1464,550,1.6596e-05,0.00014047,0.00094048,0.00110075,week3_uniform_k_compare.csv
uniform,8,1,2,2,astar,235.23145667,0.0,2864,550,7.7992e-05,0.000365305,0.001189382,0.001639455,week3_uniform_k_compare.csv
uniform,8,1,2,inf,astar,235.23145667,0.0,4608,550,0.000470087,0.001030077,0.001437915,0.002947071,week3_uniform_k_compare.csv
uniform,8,2,2,0,dp,224.707151301,8.0892241985,456,576,4.842e-06,3.8886e-05,0.000181541,0.000231075,week3_uniform_k_compare.csv
uniform,8,2,2,1,dp,207.890428456,0.0,1464,576,2.0759e-05,0.000146515,0.000338217,0.000510662,week3_uniform_k_compare.csv
uniform,8,2,2,2,dp,207.890428456,0.0,2864,576,7.4051e-05,0.000353753,0.000538483,0.000973229,week3_uniform_k_compare.csv
uniform,8,2,2,inf,dp,207.890428456,0.0,4608,576,0.000447866,0.000897121,0.003450311,0.004801753,week3_uniform_k_compare.csv
uniform,8,2,2,0,astar,224.707151301,8.0892241985,456,559,4.167e-06,3.8691e-05,0.000729793,0.000779541,week3_uniform_k_compare.csv
uniform,8,2,2,1,astar,207.890428456,0.0,1464,528,1.742e-05,0.00018954,0.000956365,0.001169653,week3_uniform_k_compare.csv
uniform,8,2,2,2,astar,207.890428456,0.0,2864,528,7.2743e-05,0.000436822,0.001227296,0.001743333,week3_uniform_k_compare.csv
uniform,8,2,2,inf,astar,207.890428456,0.0,4608,528,0.000511038,0.000937377,0.001371602,0.002827298,week3_uniform_k_compare.csv
uniform,9,0,2,0,dp,220.037824194,1.62181023951,657,1280,4.906e-06,5.7246e-05,0.000453475,0.000522973,week3_uniform_k_compare.csv
uniform,9,0,2,1,dp,216.804248206,0.128422242937,2421,1280,2.7684e-05,0.000266569,0.001140044,0.001441808,week3_uniform_k_compare.csv
uniform,9,0,2,2,dp,216.526180428,0.0,5445,1280,0.0001185,0.000880649,0.001680712,0.002687847,week3_uniform_k_compare.csv
uniform,9,0,2,inf,dp,216.526180428,0.0,11520,1280,0.001782196,0.002321247,0.002798415,0.00690822,week3_uniform_k_compare.csv
uniform,9,0,2,0,astar,220.037824194,1.62181023951,657,1196,0.00021679,5.2989e-05,0.001546942,0.001822679,week3_uniform_k_compare.csv
uniform,9,0,2,1,astar,216.804248206,0.128422242937,2421,1205,2.5833e-05,0.000226175,0.002613169,0.00286972,week3_uniform_k_compare.csv
uniform,9,0,2,2,astar,216.526180428,0.0,5445,1204,0.00011411,0.00098646,0.003846118,0.00495629,week3_uniform_k_compare.csv
uniform,9,0,2,inf,astar,216.526180428,0.0,11520,1204,0.00134197,0.001903787,0.004990948,0.00824429,week3_uniform_k_compare.csv
uniform,9,1,2,0,dp,250.195370956,5.84173995007,657,1280,7.194e-06,5.6691e-05,0.000497019,0.000566311,week3_uniform_k_compare.csv
uniform,9,1,2,1,dp,241.802349241,2.29118656291,2421,1280,2.3297e-05,0.000229293,0.000964129,0.001220518,week3_uniform_k_compare.csv
uniform,9,1,2,2,dp,236.386298141,0.0,5445,1280,0.000109086,0.00238825,0.001329962,0.003833129,week3_uniform_k_compare.csv
uniform,9,1,2,inf,dp,236.386298141,0.0,11520,1280,0.001005281,0.001345132,0.002088262,0.004444159,week3_uniform_k_compare.csv
uniform,9,1,2,0,astar,250.195370956,5.84173995007,657,1198,3.695e-06,3.8202e-05,0.001078639,0.001125218,week3_uniform_k_compare.csv
uniform,9,1,2,1,astar,241.802349241,2.29118656291,2421,1197,1.7349e-05,0.00017587,0.001767685,0.001963621,week3_uniform_k_compare.csv
uniform,9,1,2,2,astar,236.386298141,0.0,5445,1179,8.5186e-05,0.000477976,0.002507401,0.003073905,week3_uniform_k_compare.csv
uniform,9,1,2,inf,astar,236.386298141,0.0,11520,1179,0.001059681,0.00220679,0.00636301,0.009634493,week3_uniform_k_compare.csv
uniform,9,2,2,0,dp,222.464502624,6.46715037581,657,1280,4.657e-06,5.1484e-05,0.00042412,0.000485498,week3_uniform_k_compare.csv
uniform,9,2,2,1,dp,208.951307364,0.0,2421,1280,2.1803e-05,0.00021677,0.00088107,0.001122714,week3_uniform_k_compare.csv
uniform,9,2,2,2,dp,208.951307364,0.0,5445,1280,0.000112592,0.00059479,0.001532952,0.002243638,week3_uniform_k_compare.csv
uniform,9,2,2,inf,dp,208.951307364,0.0,11520,1280,0.001294266,0.001942398,0.003727232,0.006968482,week3_uniform_k_compare.csv
uniform,9,2,2,0,astar,222.464502624,6.46715037581,657,1195,3.83e-06,4.1336e-05,0.001254259,0.001304903,week3_uniform_k_compare.csv
uniform,9,2,2,1,astar,208.951307364,0.0,2421,1153,1.8935e-05,0.000202029,0.001968371,0.002193738,week3_uniform_k_compare.csv
uniform,9,2,2,2,astar,208.951307364,0.0,5445,1153,8.887e-05,0.000471474,0.002425736,0.002989342,week3_uniform_k_compare.csv
uniform,9,2,2,inf,astar,208.951307364,0.0,11520,1153,0.0009191,0.001387864,0.003352511,0.005662221,week3_uniform_k_compare.csv
uniform,10,0,2,0,dp,232.166747608,4.4957656877,910,2816,3.425e-06,5.0069e-05,0.001906436,0.001964594,week3_uniform_k_compare.csv
uniform,10,0,2,1,dp,222.178139067,0.0,3790,2816,2.7525e-05,0.000384594,0.001964465,0.002385345,week3_uniform_k_compare.csv
uniform,10,0,2,2,dp,222.178139067,0.0,9670,2816,0.000106917,0.000778428,0.003803704,0.004692827,week3_uniform_k_compare.csv
uniform,10,0,2,inf,dp,222.178139067,0.0,28160,2816,0.003749745,0.009879386,0.008421299,0.022055987,week3_uniform_k_compare.csv
uniform,10,0,2,0,astar,232.166747608,4.4957656877,910,2633,0.000412908,5.6965e-05,0.003820088,0.004295711,week3_uniform_k_compare.csv
uniform,10,0,2,1,astar,222.178139067,0.0,3790,2552,2.4547e-05,0.000296087,0.005328988,0.005656163,week3_uniform_k_compare.csv
uniform,10,0,2,2,astar,222.178139067,0.0,9670,2552,0.000113052,0.00076424,0.009355185,0.010240029,week3_uniform_k_compare.csv
uniform,10,0,2,inf,astar,222.178139067,0.0,28160,2552,0.003019305,0.005052834,0.01460539,0.022686208,week3_uniform_k_compare.csv
uniform,10,1,2,0,dp,254.28121678,7.56201248971,910,2816,4.554e-06,5.2401e-05,0.000984488,0.001046349,week3_uniform_k_compare.csv
uniform,10,1,2,1,dp,243.998213602,3.21225936914,3790,2816,2.4e-05,0.000250597,0.001946759,0.002225883,week3_uniform_k_compare.csv
uniform,10,1,2,2,dp,236.404294503,0.0,9670,2816,0.000107474,0.000750885,0.00399124,0.004853305,week3_uniform_k_compare.csv
uniform,10,1,2,inf,dp,236.404294503,0.0,28160,2816,0.002289822,0.008809871,0.010916464,0.022022846,week3_uniform_k_compare.csv
uniform,10,1,2,0,astar,254.28121678,7.56201248971,910,2655,4.492e-06,5.1248e-05,0.006076856,0.006139287,week3_uniform_k_compare.csv
uniform,10,1,2,1,astar,243.998213602,3.21225936914,3790,2650,2.5826e-05,0.000256801,0.007734952,0.00802453,week3_uniform_k_compare.csv
uniform,10,1,2,2,astar,236.404294503,0.0,9670,2620,0.000110708,0.000749631,0.008454085,0.009320729,week3_uniform_k_compare.csv
uniform,10,1,2,inf,astar,236.404294503,0.0,28160,2620,0.004880685,0.004065677,0.017697201,0.026651192,week3_uniform_k_compare.csv
uniform,10,2,2,0,dp,226.232202065,7.32243404028,910,2816,4.432e-06,5.3569e-05,0.000840154,0.000902985,week3_uniform_k_compare.csv
uniform,10,2,2,1,dp,210.79674915,1.3482992287599999e-14,3790,2816,2.3464e-05,0.000269453,0.002231898,0.002528228,week3_uniform_k_compare.csv
uniform,10,2,2,2,dp,210.79674915,0.0,9670,2816,0.000107289,0.000746401,0.007410222,0.008268749,week3_uniform_k_compare.csv
uniform,10,2,2,inf,dp,210.79674915,0.0,28160,2816,0.002334017,0.003864184,0.009694214,0.015899663,week3_uniform_k_compare.csv
uniform,10,2,2,0,astar,226.232202065,7.32243404028,910,2685,4.561e-06,5.6576e-05,0.0040238,0.004091424,week3_uniform_k_compare.csv
uniform,10,2,2,1,astar,210.79674915,1.3482992287599999e-14,3790,2571,2.4485e-05,0.000263718,0.004993006,0.005287197,week3_uniform_k_compare.csv
uniform,10,2,2,2,astar,210.79674915,0.0,9670,2573,0.000126895,0.000747574,0.014868044,0.015747119,week3_uniform_k_compare.csv
uniform,10,2,2,inf,astar,210.79674915,0.0,28160,2573,0.013671449,0.004201015,0.029805056,0.047686519,week3_uniform_k_compare.csv
uniform,11,0,2,0,dp,235.427761744,1.39261712236,1221,6144,7.285e-06,7.0728e-05,0.002002785,0.002087155,week3_uniform_k_compare.csv
uniform,11,0,2,1,dp,232.194185756,0.0,5676,6144,3.1864e-05,0.000418649,0.00642964,0.006884858,week3_uniform_k_compare.csv
uniform,11,0,2,2,dp,232.194185756,0.0,16236,6144,0.000158294,0.001272099,0.023195234,0.024632288,week3_uniform_k_compare.csv
uniform,11,0,2,inf,dp,232.194185756,0.0,67584,6144,0.01742475,0.016943404,0.041765452,0.076140392,week3_uniform_k_compare.csv
uniform,11,0,2,0,astar,235.427761744,1.39261712236,1221,5547,0.001446257,7.8862e-05,0.007325433,0.008859356,week3_uniform_k_compare.csv
uniform,11,0,2,1,astar,232.194185756,0.0,5676,5559,3.8406e-05,0.000442303,0.022358299,0.022846712,week3_uniform_k_compare.csv
uniform,11,0,2,2,astar,232.194185756,0.0,16236,5559,0.000155405,0.001229995,0.025182621,0.026576525,week3_uniform_k_compare.csv
uniform,11,0,2,inf,astar,232.194185756,0.0,67584,5559,0.007497169,0.012978979,0.065032362,0.085518414,week3_uniform_k_compare.csv
uniform,11,1,2,0,dp,266.926161735,1.63001075685,1221,6144,5.319e-06,6.6514e-05,0.001985546,0.002063608,week3_uniform_k_compare.csv
uniform,11,1,2,1,dp,266.926161735,1.63001075685,5676,6144,3.0303e-05,0.000367408,0.005355752,0.005757318,week3_uniform_k_compare.csv
uniform,11,1,2,2,dp,262.645019662,0.0,16236,6144,0.000155527,0.001243268,0.013321614,0.014725189,week3_uniform_k_compare.csv
uniform,11,1,2,inf,dp,262.645019662,0.0,67584,6144,0.006002849,0.012838153,0.04164481,0.060493988,week3_uniform_k_compare.csv
uniform,11,1,2,0,astar,266.926161735,1.63001075685,1221,5696,6.509e-06,6.6598e-05,0.007726711,0.007806554,week3_uniform_k_compare.csv
uniform,11,1,2,1,astar,266.926161735,1.63001075685,5676,5821,3.0613e-05,0.000392696,0.015938007,0.016367438,week3_uniform_k_compare.csv
uniform,11,1,2,2,astar,262.645019662,0.0,16236,5761,0.000154982,0.001830287,0.030261264,0.032255097,week3_uniform_k_compare.csv
uniform,11,1,2,inf,astar,262.645019662,0.0,67584,5762,0.007888066,0.010640779,0.059581841,0.078118804,week3_uniform_k_compare.csv
uniform,11,2,2,0,dp,258.8667594,7.84817407952,1221,6144,6.611e-06,6.5592e-05,0.001993397,0.002071084,week3_uniform_k_compare.csv
uniform,11,2,2,1,dp,245.367550437,2.22418032451,5676,6144,3.0113e-05,0.000419222,0.006603224,0.007057213,week3_uniform_k_compare.csv
uniform,11,2,2,2,dp,240.028875417,0.0,16236,6144,0.000157243,0.001231288,0.013785881,0.015180869,week3_uniform_k_compare.csv
uniform,11,2,2,inf,dp,240.028875417,0.0,67584,6144,0.005674711,0.014596165,0.042063748,0.062341783,week3_uniform_k_compare.csv
uniform,11,2,2,0,astar,258.8667594,7.84817407952,1221,6020,7.921e-06,6.6662e-05,0.008353272,0.008434976,week3_uniform_k_compare.csv
uniform,11,2,2,1,astar,245.367550437,2.22418032451,5676,5967,3.1276e-05,0.000406148,0.017748129,0.018192909,week3_uniform_k_compare.csv
uniform,11,2,2,2,astar,240.028875417,0.0,16236,5853,0.000173752,0.001252563,0.027966501,0.029400391,week3_uniform_k_compare.csv
uniform,11,2,2,inf,astar,240.028875417,0.0,67584,5853,0.005731979,0.012734695,0.058714229,0.077189016,week3_uniform_k_compare.csv
uniform,12,0,2,0,dp,242.879535851,4.19227820081,1596,13312,9.595e-06,9.6737e-05,0.004749526,0.004862802,week3_uniform_k_compare.csv
uniform,12,0,2,1,dp,233.10704022,0.0,8196,13312,4.2173e-05,0.000560559,0.016626929,0.01723498,week3_uniform_k_compare.csv
uniform,12,0,2,2,dp,233.10704022,0.0,26016,13312,0.000222938,0.001876476,0.048037638,0.050144134,week3_uniform_k_compare.csv
uniform,12,0,2,inf,dp,233.10704022,0.0,159744,13312,0.01984508,0.039706752,0.200519566,0.26007982,week3_uniform_k_compare.csv
uniform,12,0,2,0,astar,242.879535851,4.19227820081,1596,12288,1.3544e-05,8.5707e-05,0.019051682,0.019158947,week3_uniform_k_compare.csv
uniform,12,0,2,1,astar,233.10704022,0.0,8196,11882,4.2562e-05,0.000533695,0.041661058,0.0422472,week3_uniform_k_compare.csv
uniform,12,0,2,2,astar,233.10704022,0.0,26016,11882,0.000212373,0.001992352,0.081840857,0.084055028,week3_uniform_k_compare.csv
uniform,12,0,2,inf,astar,233.10704022,0.0,159744,11882,0.019865947,0.037760524,0.257360891,0.314996369,week3_uniform_k_compare.csv
uniform,12,1,2,0,dp,263.197781265,2.20896432949,1596,13312,1.3911e-05,8.6989e-05,0.005192386,0.005299218,week3_uniform_k_compare.csv
uniform,12,1,2,1,dp,261.467122573,1.5368886318,8196,13312,5.5996e-05,0.00056132,0.017706749,0.018330248,week3_uniform_k_compare.csv
uniform,12,1,2,2,dp,257.509488519,0.0,26016,13312,0.000215838,0.004806138,0.04541701,0.050446867,week3_uniform_k_compare.csv
uniform,12,1,2,inf,dp,257.509488519,0.0,159744,13312,0.024172581,0.036045875,0.21805849,0.278284736,week3_uniform_k_compare.csv
uniform,12,1,2,0,astar,263.197781265,2.20896432949,1596,12161,1.5599e-05,0.000107981,0.019532872,0.019665261,week3_uniform_k_compare.csv
uniform,12,1,2,1,astar,261.467122573,1.5368886318,8196,12261,4.278e-05,0.000780469,0.044596797,0.045428452,week3_uniform_k_compare.csv
uniform,12,1,2,2,astar,257.509488519,0.0,26016,12182,0.000221439,0.004556252,0.07768616,0.082472474,week3_uniform_k_compare.csv
uniform,12,1,2,inf,astar,257.509488519,0.0,159744,12182,0.015159993,0.034916948,0.256182314,0.30626913,week3_uniform_k_compare.csv
uniform,12,2,2,0,dp,258.8667594,7.66175228352,1596,13312,1.37e-05,8.5391e-05,0.005152438,0.005257244,week3_uniform_k_compare.csv
uniform,12,2,2,1,dp,246.216879389,2.40071277672,8196,13312,4.0839e-05,0.000512129,0.017027746,0.0175871,week3_uniform_k_compare.csv
uniform,12,2,2,2,dp,240.444497614,0.0,26016,13312,0.000242235,0.001938157,0.043516954,0.0457055,week3_uniform_k_compare.csv
uniform,12,2,2,inf,dp,240.444497614,0.0,159744,13312,0.014574891,0.037084428,0.198894721,0.250562858,week3_uniform_k_compare.csv
uniform,12,2,2,0,astar,258.8667594,7.66175228352,1596,13006,1.3817e-05,8.99e-05,0.021413254,0.021524823,week3_uniform_k_compare.csv
uniform,12,2,2,1,astar,246.216879389,2.40071277672,8196,12960,4.3446e-05,0.000553343,0.042304048,0.042909963,week3_uniform_k_compare.csv
uniform,12,2,2,2,astar,240.444497614,0.0,26016,12736,0.000228757,0.001988813,0.085308086,0.087534807,week3_uniform_k_compare.csv
uniform,12,2,2,inf,astar,240.444497614,0.0,159744,12736,0.015045193,0.033272174,0.273721818,0.322047951,week3_uniform_k_compare.csv
uniform,8,0,2,0,dp,216.776810058,1.33850953071,456,576,1.0682e-05,6.0172e-05,0.000130434,0.000207279,week3_kind_compare.csv
uniform,8,0,2,1,dp,213.913556714,0.0,1464,576,1.2682e-05,0.000136993,0.000300523,0.000452809,week3_kind_compare.csv
uniform,8,0,2,2,dp,213.913556714,0.0,2864,576,5.4899e-05,0.000338976,0.000344499,0.000741477,week3_kind_compare.csv
uniform,8,0,2,inf,dp,213.913556714,0.0,4608,576,0.00036809,0.000823798,0.000434438,0.001628753,week3_kind_compare.csv
uniform,8,1,2,0,dp,257.504393792,9.46851983013,456,576,2.268e-06,2.5827e-05,0.000129505,0.000160008,week3_kind_compare.csv
uniform,8,1,2,1,dp,235.23145667,0.0,1464,576,1.2075e-05,0.000101276,0.000220582,0.000335325,week3_kind_compare.csv
uniform,8,1,2,2,dp,235.23145667,0.0,2864,576,5.0517e-05,0.000253558,0.000362284,0.000667719,week3_kind_compare.csv
uniform,8,1,2,inf,dp,235.23145667,0.0,4608,576,0.000348852,0.000559878,0.000429236,0.001339919,week3_kind_compare.csv
uniform,8,2,2,0,dp,224.707151301,8.0892241985,456,576,1.88e-06,2.6012e-05,0.000128501,0.000158341,week3_kind_compare.csv
uniform,8,2,2,1,dp,207.890428456,0.0,1464,576,1.1482e-05,0.000110963,0.00021962,0.000343475,week3_kind_compare.csv
uniform,8,2,2,2,dp,207.890428456,0.0,2864,576,5.7729e-05,0.000257771,0.00033293,0.000650042,week3_kind_compare.csv
uniform,8,2,2,inf,dp,207.890428456,0.0,4608,576,0.000322297,0.000539427,0.000510865,0.001374096,week3_kind_compare.csv
uniform,9,0,2,0,dp,220.037824194,1.62181023951,657,1280,1.988e-06,3.7405e-05,0.000320051,0.000362345,week3_kind_compare.csv
uniform,9,0,2,1,dp,216.804248206,0.128422242937,2421,1280,1.5478e-05,0.000165173,0.000646225,0.000829087,week3_kind_compare.csv
uniform,9,0,2,2,dp,216.526180428,0.0,5445,1280,8.0515e-05,0.000567166,0.001160455,0.001810386,week3_kind_compare.csv
uniform,9,0,2,inf,dp,216.526180428,0.0,11520,1280,0.001197202,0.004440306,0.001892317,0.007533906,week3_kind_compare.csv
uniform,9,1,2,0,dp,250.195370956,5.84173995007,657,1280,0.000164465,3.8211e-05,0.000328837,0.000535246,week3_kind_compare.csv
uniform,9,1,2,1,dp,241.802349241,2.29118656291,2421,1280,1.8044e-05,0.000177724,0.00072055,0.000918764,week3_kind_compare.csv
uniform,9,1,2,2,dp,236.386298141,0.0,5445,1280,9.3724e-05,0.000489271,0.001188827,0.001775608,week3_kind_compare.csv
uniform,9,1,2,inf,dp,236.386298141,0.0,11520,1280,0.000985323,0.001405133,0.001883598,0.004276863,week3_kind_compare.csv
uniform,9,2,2,0,dp,222.464502624,6.46715037581,657,1280,2.781e-06,3.7423e-05,0.000325263,0.00036873,week3_kind_compare.csv
uniform,9,2,2,1,dp,208.951307364,0.0,2421,1280,1.7458e-05,0.00018098,0.000682317,0.000882905,week3_kind_compare.csv
uniform,9,2,2,2,dp,208.951307364,0.0,5445,1280,8.8911e-05,0.000444541,0.001127592,0.001663387,week3_kind_compare.csv
uniform,9,2,2,inf,dp,208.951307364,0.0,11520,1280,0.000936761,0.001818921,0.002056999,0.004816981,week3_kind_compare.csv
uniform,10,0,2,0,dp,232.166747608,4.4957656877,910,2816,3.837e-06,4.8998e-05,0.000782216,0.00083975,week3_kind_compare.csv
uniform,10,0,2,1,dp,222.178139067,0.0,3790,2816,2.2079e-05,0.000274788,0.001842335,0.002141888,week3_kind_compare.csv
uniform,10,0,2,2,dp,222.178139067,0.0,9670,2816,0.000103392,0.000759415,0.003815596,0.004681277,week3_kind_compare.csv
uniform,10,0,2,inf,dp,222.178139067,0.0,28160,2816,0.002664067,0.004555145,0.00839551,0.01561945,week3_kind_compare.csv
uniform,10,1,2,0,dp,254.28121678,7.56201248971,910,2816,0.00038922,4.9359e-05,0.000837801,0.001282173,week3_kind_compare.csv
uniform,10,1,2,1,dp,243.998213602,3.21225936914,3790,2816,2.2849e-05,0.000282676,0.001869932,0.002178665,week3_kind_compare.csv
uniform,10,1,2,2,dp,236.404294503,0.0,9670,2816,0.000243311,0.000748943,0.004163687,0.005159778,week3_kind_compare.csv
uniform,10,1,2,inf,dp,236.404294503,0.0,28160,2816,0.00246883,0.003960998,0.011422021,0.017857681,week3_kind_compare.csv
uniform,10,2,2,0,dp,226.232202065,7.32243404028,910,2816,4.295e-06,5.3607e-05,0.000842104,0.000904662,week3_kind_compare.csv
uniform,10,2,2,1,dp,210.79674915,1.3482992287599999e-14,3790,2816,2.3393e-05,0.000270075,0.002177819,0.002474399,week3_kind_compare.csv
uniform,10,2,2,2,dp,210.79674915,0.0,9670,2816,0.000103439,0.000703777,0.003820494,0.004631128,week3_kind_compare.csv
uniform,10,2,2,inf,dp,210.79674915,0.0,28160,2816,0.003066205,0.004301403,0.008524592,0.015896732,week3_kind_compare.csv
uniform,11,0,2,0,dp,235.427761744,1.39261712236,1221,6144,8.285e-06,0.000111047,0.003419809,0.003548979,week3_kind_compare.csv
uniform,11,0,2,1,dp,232.194185756,0.0,5676,6144,3.4095e-05,0.000423465,0.005245772,0.005710045,week3_kind_compare.csv
uniform,11,0,2,2,dp,232.194185756,0.0,16236,6144,0.000160613,0.001251253,0.014328768,0.015744851,week3_kind_compare.csv
uniform,11,0,2,inf,dp,232.194185756,0.0,67584,6144,0.007035314,0.015105928,0.042406338,0.064554603,week3_kind_compare.csv
uniform,11,1,2,0,dp,266.926161735,1.63001075685,1221,6144,0.000989551,6.5207e-05,0.010428598,0.011488752,week3_kind_compare.csv
uniform,11,1,2,1,dp,266.926161735,1.63001075685,5676,6144,3.1887e-05,0.000447333,0.005495855,0.005982246,week3_kind_compare.csv
uniform,11,1,2,2,dp,262.645019662,0.0,16236,6144,0.000154501,0.001222541,0.016073263,0.017456878,week3_kind_compare.csv
uniform,11,1,2,inf,dp,262.645019662,0.0,67584,6144,0.005727906,0.013474044,0.044312213,0.063522614,week3_kind_compare.csv
uniform,11,2,2,0,dp,258.8667594,7.84817407952,1221,6144,8.255e-06,0.000117235,0.002172782,0.002304243,week3_kind_compare.csv
uniform,11,2,2,1,dp,245.367550437,2.22418032451,5676,6144,3.1456e-05,0.000402934,0.006012987,0.006452519,week3_kind_compare.csv
uniform,11,2,2,2,dp,240.028875417,0.0,16236,6144,0.000185765,0.001247771,0.016733519,0.018174488,week3_kind_compare.csv
uniform,11,2,2,inf,dp,240.028875417,0.0,67584,6144,0.005829866,0.026395396,0.055139978,0.087372551,week3_kind_compare.csv
uniform,12,0,2,0,dp,242.879535851,4.19227820081,1596,13312,9.484e-06,9.0357e-05,0.00492603,0.005033131,week3_kind_compare.csv
uniform,12,0,2,1,dp,233.10704022,0.0,8196,13312,0.000162566,0.000609359,0.017158491,0.017937709,week3_kind_compare.csv
uniform,12,0,2,2,dp,233.10704022,0.0,26016,13312,0.00021744,0.00258056,0.052536639,0.055343937,week3_kind_compare.csv
uniform,12,0,2,inf,dp,233.10704022,0.0,159744,13312,0.023863902,0.040832661,0.267558842,0.332263575,week3_kind_compare.csv
uniform,12,1,2,0,dp,263.197781265,2.20896432949,1596,13312,1.3492e-05,8.4197e-05,0.007941182,0.008045106,week3_kind_compare.csv
uniform,12,1,2,1,dp,261.467122573,1.5368886318,8196,13312,4.2063e-05,0.000522354,0.015724024,0.016296322,week3_kind_compare.csv
uniform,12,1,2,2,dp,257.509488519,0.0,26016,13312,0.000214216,0.002077802,0.03951928,0.041818518,week3_kind_compare.csv
uniform,12,1,2,inf,dp,257.509488519,0.0,159744,13312,0.029296732,0.053057267,0.201476384,0.283838563,week3_kind_compare.csv
uniform,12,2,2,0,dp,258.8667594,7.66175228352,1596,13312,1.4672e-05,0.000511034,0.00532597,0.005858579,week3_kind_compare.csv
uniform,12,2,2,1,dp,246.216879389,2.40071277672,8196,13312,4.3079e-05,0.000542009,0.018186557,0.018779004,week3_kind_compare.csv
uniform,12,2,2,2,dp,240.444497614,0.0,26016,13312,0.00021953,0.001877715,0.042880888,0.044985133,week3_kind_compare.csv
uniform,12,2,2,inf,dp,240.444497614,0.0,159744,13312,0.016914293,0.035427053,0.207732818,0.260082944,week3_kind_compare.csv
1-center,8,0,2,0,dp,173.639279646,0.278049257451,456,576,3.543e-06,3.0375e-05,0.00012172,0.000159582,week3_kind_compare.csv
1-center,8,0,2,1,dp,173.157815625,0.0,1464,576,1.2482e-05,0.000102507,0.000290965,0.000408251,week3_kind_compare.csv
1-center,8,0,2,2,dp,173.157815625,0.0,2864,576,5.4829e-05,0.000256781,0.000334676,0.000649719,week3_kind_compare.csv
1-center,8,0,2,inf,dp,173.157815625,0.0,4608,576,0.000321625,0.000548195,0.000446152,0.001317982,week3_kind_compare.csv
1-center,8,1,2,0,dp,164.794850368,4.06074334567,456,576,2.426e-06,2.5801e-05,0.000123142,0.00015361,week3_kind_compare.csv
1-center,8,1,2,1,dp,158.364091078,0.0,1464,576,1.2913e-05,0.000113323,0.000226598,0.000354224,week3_kind_compare.csv
1-center,8,1,2,2,dp,158.364091078,0.0,2864,576,5.1011e-05,0.000255221,0.000330224,0.000637997,week3_kind_compare.csv
1-center,8,1,2,inf,dp,158.364091078,0.0,4608,576,0.000331271,0.000489913,0.000437243,0.001259987,week3_kind_compare.csv
1-center,8,2,2,0,dp,169.594954827,0.0,456,576,2.2e-06,2.4678e-05,0.000122581,0.000151245,week3_kind_compare.csv
1-center,8,2,2,1,dp,169.594954827,0.0,1464,576,1.182e-05,0.000101896,0.000214152,0.00032912,week3_kind_compare.csv
1-center,8,2,2,2,dp,169.594954827,0.0,2864,576,5.7352e-05,0.00029256,0.000339173,0.000690631,week3_kind_compare.csv
1-center,8,2,2,inf,dp,169.594954827,0.0,4608,576,0.000335467,0.00048945,0.000430602,0.001257286,week3_kind_compare.csv
1-center,9,0,2,0,dp,178.63222309,0.0,657,1280,2.344e-06,3.8954e-05,0.000324727,0.00036886,week3_kind_compare.csv
1-center,9,0,2,1,dp,178.63222309,0.0,2421,1280,1.7097e-05,0.000163255,0.000659197,0.00084192,week3_kind_compare.csv
1-center,9,0,2,2,dp,178.63222309,0.0,5445,1280,8.2145e-05,0.000456557,0.00448534,0.005027043,week3_kind_compare.csv
1-center,9,0,2,inf,dp,178.63222309,0.0,11520,1280,0.00107324,0.001124078,0.001977488,0.004181023,week3_kind_compare.csv
1-center,9,1,2,0,dp,167.931763196,5.52458596977,657,1280,3.202e-06,3.6911e-05,0.000318051,0.000361208,week3_kind_compare.csv
1-center,9,1,2,1,dp,159.139940378,0.0,2421,1280,1.6587e-05,0.000164931,0.000637485,0.000821257,week3_kind_compare.csv
1-center,9,1,2,2,dp,159.139940378,0.0,5445,1280,8.0528e-05,0.000474512,0.001112989,0.001670399,week3_kind_compare.csv
1-center,9,1,2,inf,dp,159.139940378,0.0,11520,1280,0.000913977,0.00108256,0.001884,0.003882975,week3_kind_compare.csv
1-center,9,2,2,0,dp,185.458150928,1.22880539115,657,1280,2.926e-06,3.7229e-05,0.000309106,0.000351452,week3_kind_compare.csv
1-center,9,2,2,1,dp,183.206894729,0.0,2421,1280,1.6485e-05,0.000233761,0.000703246,0.000955951,week3_kind_compare.csv
1-center,9,2,2,2,dp,183.206894729,0.0,5445,1280,9.557e-05,0.000564793,0.0030151,0.0036792,week3_kind_compare.csv
1-center,9,2,2,inf,dp,183.206894729,0.0,11520,1280,0.000979606,0.001128852,0.001945657,0.004058997,week3_kind_compare.csv
1-center,10,0,2,0,dp,177.454030624,0.0,910,2816,3.815e-06,4.8862e-05,0.000782009,0.000838636,week3_kind_compare.csv
1-center,10,0,2,1,dp,177.454030624,0.0,3790,2816,2.2069e-05,0.000262835,0.001929821,0.002217822,week3_kind_compare.csv
1-center,10,0,2,2,dp,177.454030624,0.0,9670,2816,0.000106129,0.00073862,0.00382777,0.004675344,week3_kind_compare.csv
1-center,10,0,2,inf,dp,177.454030624,0.0,28160,2816,0.002225034,0.00460061,0.008549987,0.01538123,week3_kind_compare.csv
1-center,10,1,2,0,dp,169.53347022,0.660816603307,910,2816,4.862e-06,5.441e-05,0.000788254,0.000852175,week3_kind_compare.csv
1-center,10,1,2,1,dp,168.420519464,0.0,3790,2816,2.2578e-05,0.000276505,0.001832142,0.002134333,week3_kind_compare.csv
1-center,10,1,2,2,dp,168.420519464,0.0,9670,2816,0.000106733,0.001624581,0.003896862,0.005632783,week3_kind_compare.csv
1-center,10,1,2,inf,dp,168.420519464,0.0,28160,2816,0.002284646,0.002933772,0.009011707,0.014236338,week3_kind_compare.csv
1-center,10,2,2,0,dp,191.31729413,4.42690730228,910,2816,4.333e-06,5.105e-05,0.000808566,0.000868345,week3_kind_compare.csv
1-center,10,2,2,1,dp,183.206894729,0.0,3790,2816,2.2775e-05,0.000256219,0.001834179,0.002116296,week3_kind_compare.csv
1-center,10,2,2,2,dp,183.206894729,0.0,9670,2816,0.000103116,0.000733774,0.003826851,0.004667851,week3_kind_compare.csv
1-center,10,2,2,inf,dp,183.206894729,0.0,28160,2816,0.002242906,0.003376509,0.008890033,0.014516371,week3_kind_compare.csv
1-center,11,0,2,0,dp,181.924035709,0.0,1221,6144,5.84e-06,7.4729e-05,0.001885779,0.001972365,week3_kind_compare.csv
1-center,11,0,2,1,dp,181.924035709,0.0,5676,6144,3.0227e-05,0.000368756,0.006059534,0.006463329,week3_kind_compare.csv
1-center,11,0,2,2,dp,181.924035709,0.0,16236,6144,0.000168616,0.001270273,0.014486661,0.015947269,week3_kind_compare.csv
1-center,11,0,2,inf,dp,181.924035709,0.0,67584,6144,0.005793774,0.009729755,0.045868299,0.061400587,week3_kind_compare.csv
1-center,11,1,2,0,dp,178.356395607,4.00046328662,1221,6144,5.379e-06,6.4287e-05,0.001969907,0.002044979,week3_kind_compare.csv
1-center,11,1,2,1,dp,171.495770279,0.0,5676,6144,3.3777e-05,0.000436782,0.006529065,0.007006871,week3_kind_compare.csv
1-center,11,1,2,2,dp,171.495770279,0.0,16236,6144,0.000151724,0.001211009,0.012489513,0.013858976,week3_kind_compare.csv
1-center,11,1,2,inf,dp,171.495770279,0.0,67584,6144,0.006118434,0.010566821,0.048756525,0.065450275,week3_kind_compare.csv
1-center,11,2,2,0,dp,192.189852387,4.66162587153,1221,6144,6.364e-06,7.2609e-05,0.001926384,0.002011256,week3_kind_compare.csv
1-center,11,2,2,1,dp,185.147560987,0.826576004806,5676,6144,3.0963e-05,0.000389476,0.012936785,0.013362069,week3_kind_compare.csv
1-center,11,2,2,2,dp,184.250367855,0.337987815581,16236,6144,0.000148836,0.001202735,0.017944598,0.019302626,week3_kind_compare.csv
1-center,11,2,2,inf,dp,183.629721769,0.0,67584,6144,0.005841453,0.012740409,0.041653316,0.060243196,week3_kind_compare.csv
1-center,12,0,2,0,dp,189.527260926,1.04196248737,1596,13312,1.0796e-05,8.7156e-05,0.004629905,0.004734157,week3_kind_compare.csv
1-center,12,0,2,1,dp,188.283863651,0.37907473047,8196,13312,4.4424e-05,0.000523244,0.015402909,0.015976546,week3_kind_compare.csv
1-center,12,0,2,2,dp,187.57282248,0.0,26016,13312,0.000209169,0.00268599,0.044120844,0.047024078,week3_kind_compare.csv
1-center,12,0,2,inf,dp,187.57282248,0.0,159744,13312,0.020588189,0.034894115,0.197627063,0.253117579,week3_kind_compare.csv
1-center,12,1,2,0,dp,177.041077182,4.01668786801,1596,13312,1.4481e-05,8.7135e-05,0.00513375,0.005240713,week3_kind_compare.csv
1-center,12,1,2,1,dp,170.204493924,0.0,8196,13312,4.2212e-05,0.002150641,0.015994537,0.018194772,week3_kind_compare.csv
1-center,12,1,2,2,dp,170.204493924,0.0,26016,13312,0.000211,0.001894268,0.042503547,0.04461575,week3_kind_compare.csv
1-center,12,1,2,inf,dp,170.204493924,0.0,159744,13312,0.016926819,0.046897738,0.199554226,0.263386221,week3_kind_compare.csv
1-center,12,2,2,0,dp,215.428625702,6.25978972616,1596,13312,1.487e-05,8.7014e-05,0.004968175,0.005075617,week3_kind_compare.csv
1-center,12,2,2,1,dp,206.138857052,1.67762772181,8196,13312,4.2904e-05,0.000580108,0.015429159,0.016059686,week3_kind_compare.csv
1-center,12,2,2,2,dp,202.737673637,0.0,26016,13312,0.000235086,0.001931937,0.040862033,0.043035954,week3_kind_compare.csv
1-center,12,2,2,inf,dp,202.737673637,0.0,159744,13312,0.016106449,0.038112894,0.215454598,0.269680977,week3_kind_compare.csv
2-center,8,0,2,0,dp,209.280467972,0.0,456,576,3.58e-06,4.0458e-05,0.000127144,0.000178089,week3_kind_compare.csv
2-center,8,0,2,1,dp,209.280467972,0.0,1464,576,1.3296e-05,0.000108387,0.000221825,0.000345331,week3_kind_compare.csv
2-center,8,0,2,2,dp,209.280467972,0.0,2864,576,5.2895e-05,0.000273022,0.000332532,0.000660133,week3_kind_compare.csv
2-center,8,0,2,inf,dp,209.280467972,0.0,4608,576,0.000322207,0.000493302,0.000444073,0.00126134,week3_kind_compare.csv
2-center,8,1,2,0,dp,166.853966482,0.0,456,576,2.184e-06,2.6664e-05,0.000294095,0.000324872,week3_kind_compare.csv
2-center,8,1,2,1,dp,166.853966482,0.0,1464,576,1.2193e-05,0.000104685,0.000218169,0.00033712,week3_kind_compare.csv
2-center,8,1,2,2,dp,166.853966482,0.0,2864,576,5.815e-05,0.000246633,0.000340671,0.000646913,week3_kind_compare.csv
2-center,8,1,2,inf,dp,166.853966482,0.0,4608,576,0.000323014,0.000469594,0.000437857,0.001232244,week3_kind_compare.csv
2-center,8,2,2,0,dp,199.494437321,1.78194822223,456,576,2.217e-06,2.7038e-05,0.000126782,0.000157865,week3_kind_compare.csv
2-center,8,2,2,1,dp,196.001786963,0.0,1464,576,1.1735e-05,0.000102249,0.000224141,0.000339523,week3_kind_compare.csv
2-center,8,2,2,2,dp,196.001786963,0.0,2864,576,5.2226e-05,0.000255429,0.000340568,0.000649886,week3_kind_compare.csv
2-center,8,2,2,inf,dp,196.001786963,0.0,4608,576,0.000323248,0.000591397,0.000482578,0.001399057,week3_kind_compare.csv
2-center,9,0,2,0,dp,213.031618356,0.0,657,1280,2.578e-06,3.8403e-05,0.00031612,0.000360197,week3_kind_compare.csv
2-center,9,0,2,1,dp,213.031618356,0.0,2421,1280,1.7155e-05,0.000304787,0.000645537,0.000970024,week3_kind_compare.csv
2-center,9,0,2,2,dp,213.031618356,0.0,5445,1280,8.209e-05,0.001294701,0.001354504,0.002735376,week3_kind_compare.csv
2-center,9,0,2,inf,dp,213.031618356,0.0,11520,1280,0.000936552,0.001131887,0.0019061,0.003978368,week3_kind_compare.csv
2-center,9,1,2,0,dp,182.583849442,1.4345895447,657,1280,2.865e-06,3.9453e-05,0.000319044,0.000363974,week3_kind_compare.csv
2-center,9,1,2,1,dp,180.34825993,0.19260617553,2421,1280,1.7342e-05,0.00016206,0.000635814,0.000817236,week3_kind_compare.csv
2-center,9,1,2,2,dp,180.001565799,0.0,5445,1280,0.000129657,0.000506172,0.001361985,0.002000544,week3_kind_compare.csv
2-center,9,1,2,inf,dp,180.001565799,0.0,11520,1280,0.00094209,0.001032406,0.001897452,0.003875208,week3_kind_compare.csv
2-center,9,2,2,0,dp,218.250504846,1.62632019521,657,1280,2.937e-06,3.7677e-05,0.000321321,0.000364762,week3_kind_compare.csv
2-center,9,2,2,1,dp,214.757854487,0.0,2421,1280,1.7471e-05,0.000167644,0.000825657,0.001013189,week3_kind_compare.csv
2-center,9,2,2,2,dp,214.757854487,0.0,5445,1280,8.1746e-05,0.00048909,0.001242106,0.001816687,week3_kind_compare.csv
2-center,9,2,2,inf,dp,214.757854487,0.0,11520,1280,0.000915835,0.001128766,0.001901547,0.003949586,week3_kind_compare.csv
2-center,10,0,2,0,dp,211.526512138,0.0,910,2816,3.634e-06,4.8392e-05,0.000809103,0.000865388,week3_kind_compare.csv
2-center,10,0,2,1,dp,211.526512138,0.0,3790,2816,2.2055e-05,0.000258503,0.003461486,0.003746271,week3_kind_compare.csv
2-center,10,0,2,2,dp,211.526512138,0.0,9670,2816,0.000103495,0.00076386,0.003887619,0.004759078,week3_kind_compare.csv
2-center,10,0,2,inf,dp,211.526512138,0.0,28160,2816,0.002415356,0.002992577,0.009785008,0.015197882,week3_kind_compare.csv
2-center,10,1,2,0,dp,185.765819143,3.05689956375,910,2816,4.274e-06,4.9532e-05,0.002289419,0.002347516,week3_kind_compare.csv
2-center,10,1,2,1,dp,181.981982984,0.957749005374,3790,2816,2.44e-05,0.000276816,0.001892306,0.00219898,week3_kind_compare.csv
2-center,10,1,2,2,dp,180.255586893,0.0,9670,2816,0.000102543,0.000730018,0.003716981,0.004553211,week3_kind_compare.csv
2-center,10,1,2,inf,dp,180.255586893,0.0,28160,2816,0.002199372,0.002831608,0.011615706,0.016651175,week3_kind_compare.csv
2-center,10,2,2,0,dp,217.431976076,1.43789577418,910,2816,4.2e-06,5.1294e-05,0.000826618,0.000886777,week3_kind_compare.csv
2-center,10,2,2,1,dp,214.34984866,0.0,3790,2816,2.3384e-05,0.000294653,0.001870532,0.002191743,week3_kind_compare.csv
2-center,10,2,2,2,dp,214.34984866,0.0,9670,2816,0.000103353,0.000764251,0.006054924,0.006926446,week3_kind_compare.csv
2-center,10,2,2,inf,dp,214.34984866,0.0,28160,2816,0.002219571,0.003943233,0.010716955,0.016886538,week3_kind_compare.csv
2-center,11,0,2,0,dp,223.93140519,1.14380646236,1221,6144,5.09e-06,6.363e-05,0.002156188,0.002230147,week3_kind_compare.csv
2-center,11,0,2,1,dp,221.399028791,0.0,5676,6144,3.1857e-05,0.000412014,0.005314267,0.00576314,week3_kind_compare.csv
2-center,11,0,2,2,dp,221.399028791,0.0,16236,6144,0.000147795,0.001212667,0.013293979,0.014658538,week3_kind_compare.csv
2-center,11,0,2,inf,dp,221.399028791,0.0,67584,6144,0.005608703,0.012203798,0.042633509,0.060453374,week3_kind_compare.csv
2-center,11,1,2,0,dp,198.055008779,2.92993830819,1221,6144,6.496e-06,6.5234e-05,0.001950105,0.002026969,week3_kind_compare.csv
2-center,11,1,2,1,dp,195.110249414,1.39953571095,5676,6144,3.0787e-05,0.000394245,0.00527169,0.005700249,week3_kind_compare.csv
2-center,11,1,2,2,dp,192.417300578,0.0,16236,6144,0.000159724,0.001167249,0.015419608,0.016750326,week3_kind_compare.csv
2-center,11,1,2,inf,dp,192.417300578,0.0,67584,6144,0.011033487,0.007530869,0.044217758,0.062789318,week3_kind_compare.csv
2-center,11,2,2,0,dp,222.129432097,3.62938601805,1221,6144,6.288e-06,6.8533e-05,0.002036248,0.002115215,week3_kind_compare.csv
2-center,11,2,2,1,dp,214.34984866,0.0,5676,6144,3.154e-05,0.000365731,0.005598107,0.005999614,week3_kind_compare.csv
2-center,11,2,2,2,dp,214.34984866,0.0,16236,6144,0.000564733,0.001235891,0.012633301,0.014439498,week3_kind_compare.csv
2-center,11,2,2,inf,dp,214.34984866,0.0,67584,6144,0.006256421,0.008902909,0.040930618,0.056097638,week3_kind_compare.csv
2-center,12,0,2,0,dp,225.612188293,1.13518851276,1596,13312,1.0703e-05,0.000125475,0.005544444,0.005687299,week3_kind_compare.csv
2-center,12,0,2,1,dp,223.079811894,0.0,8196,13312,4.2444e-05,0.000569099,0.020527594,0.021145337,week3_kind_compare.csv
2-center,12,0,2,2,dp,223.079811894,0.0,26016,13312,0.000278349,0.001974279,0.045912172,0.048173759,week3_kind_compare.csv
2-center,12,0,2,inf,dp,223.079811894,0.0,159744,13312,0.02503882,0.032990855,0.193841757,0.251886046,week3_kind_compare.csv
2-center,12,1,2,0,dp,197.179239929,2.37836953741,1596,13312,1.4206e-05,8.6912e-05,0.004894087,0.004999852,week3_kind_compare.csv
2-center,12,1,2,1,dp,193.657760824,0.54996564852,8196,13312,4.2194e-05,0.000579518,0.016036288,0.016663209,week3_kind_compare.csv
2-center,12,1,2,2,dp,192.87197549,0.141974313628,26016,13312,0.000210514,0.002052111,0.039956512,0.042225766,week3_kind_compare.csv
2-center,12,1,2,inf,dp,192.598535042,0.0,159744,13312,0.016828343,0.038182774,0.202720844,0.257739776,week3_kind_compare.csv
2-center,12,2,2,0,dp,225.356612273,3.42279830016,1596,13312,1.3937e-05,8.6492e-05,0.00578043,0.005886415,week3_kind_compare.csv
2-center,12,2,2,1,dp,217.898389887,0.0,8196,13312,4.2408e-05,0.000560112,0.015914392,0.016523448,week3_kind_compare.csv
2-center,12,2,2,2,dp,217.898389887,0.0,26016,13312,0.0002077,0.001941,0.064967772,0.0671239,week3_kind_compare.csv
2-center,12,2,2,inf,dp,217.898389887,0.0,159744,13312,0.034096915,0.044703941,0.21738933,0.296198318,week3_kind_compare.csv
uniform,12,0,2,inf,dp,233.10704022,0.0,159744,13312,0.042841878,0.06195053,0.249260319,0.354076371,scale_inf_dp.csv
uniform,13,0,2,inf,dp,233.10704022,0.0,372736,28672,0.076575587,0.107505275,1.165420303,1.349510602,scale_inf_dp.csv
uniform,14,0,2,inf,dp,235.483015619,0.0,860160,61440,0.152907229,0.323024863,7.248395554,7.724339953,scale_inf_dp.csv
uniform,12,0,2,2,astar,233.10704022,,26016,11882,0.000742706,0.004180873,0.131710856,0.136790944,scale_k2_astar.csv
uniform,13,0,2,2,astar,233.10704022,,40079,25546,0.00052564,0.005706435,0.276585062,0.282967287,scale_k2_astar.csv
uniform,14,0,2,2,astar,235.483015619,,59710,54163,0.000449455,0.005119597,0.74988571,0.755689126,scale_k2_astar.csv
uniform,15,0,2,2,astar,237.055679294,,86430,115862,0.001814225,0.007648578,1.857568321,1.868508588,scale_k2_astar.csv
uniform,16,0,2,2,astar,241.200510134,,122016,248018,0.001066979,0.011121978,5.214439193,5.228437478,scale_k2_astar.csv
uniform,14,0,2,0,astar,246.856358405,,2562,56327,0.001084191,0.000266279,0.136037797,0.137657845,scale_k0_astar.csv
uniform,15,0,2,0,astar,248.653745817,,3165,120303,0.001992254,0.000239524,0.384186057,0.387206965,scale_k0_astar.csv
uniform,16,0,2,0,astar,254.914778984,,3856,258582,0.004446333,0.000254711,0.895956684,0.901358213,scale_k0_astar.csv
uniform,17,0,2,0,astar,255.780416514,,4641,543825,0.003095556,0.000386865,2.255511716,2.259658122,scale_k0_astar.csv
uniform,18,0,2,0,astar,250.016696537,,5526,1107807,0.025263664,0.000343139,5.673068675,5.700882361,scale_k0_astar.csv
uniform,8,0,1,0,dp,274.005115993,8.30097688706,456,576,1.1632e-05,6.3613e-05,0.000150721,0.000233403,alpha1_uniform.csv
uniform,8,0,1,1,dp,267.304763247,5.6526513431,1464,576,1.2801e-05,0.000416138,0.000330466,0.000763786,alpha1_uniform.csv
uniform,8,0,1,2,dp,258.155889474,2.03654379909,2864,576,7.3925e-05,0.000534779,0.000523895,0.001140498,alpha1_uniform.csv
uniform,8,0,1,inf,dp,253.00336513,0.0,4608,576,0.000612388,0.001059414,0.000472788,0.002152221,alpha1_uniform.csv
uniform,8,1,1,0,dp,345.962838174,22.1562520085,456,576,2.452e-06,2.8962e-05,0.000246882,0.0002815,alpha1_uniform.csv
uniform,8,1,1,1,dp,329.140785132,16.2165419474,1464,576,1.2026e-05,9.4446e-05,0.000219464,0.000327813,alpha1_uniform.csv
uniform,8,1,1,2,dp,283.213370159,0.0,2864,576,5.1147e-05,0.00024001,0.000313351,0.000605986,alpha1_uniform.csv
uniform,8,1,1,inf,dp,283.213370159,0.0,4608,576,0.000331068,0.00056012,0.000406591,0.001299336,alpha1_uniform.csv
uniform,8,2,1,0,dp,316.903698282,23.4753035062,456,576,1.826e-06,2.6611e-05,0.000123624,0.000154126,alpha1_uniform.csv
uniform,8,2,1,1,dp,294.635989281,14.7991279293,1464,576,1.1616e-05,9.3683e-05,0.000211595,0.000318296,alpha1_uniform.csv
uniform,8,2,1,2,dp,278.459276267,8.49618933954,2864,576,5.166e-05,0.00025304,0.000341581,0.000648269,alpha1_uniform.csv
uniform,8,2,1,inf,dp,256.653508259,0.0,4608,576,0.000320308,0.000540738,0.000419044,0.001282164,alpha1_uniform.csv
uniform,9,0,1,0,dp,274.03255414,8.30007674595,657,1280,2.145e-06,0.000113665,0.000318828,0.000438375,alpha1_uniform.csv
uniform,9,0,1,1,dp,267.731558275,5.80986773454,2421,1280,1.7127e-05,0.000158733,0.000648255,0.000827389,alpha1_uniform.csv
uniform,9,0,1,2,dp,262.904933165,3.90234301896,5445,1280,0.000118373,0.00055638,0.002323462,0.003001714,alpha1_uniform.csv
uniform,9,0,1,inf,dp,253.030803277,0.0,11520,1280,0.003873328,0.001490638,0.001848397,0.007216772,alpha1_uniform.csv
uniform,9,1,1,0,dp,346.627486821,18.8583904595,657,1280,0.000161138,3.8326e-05,0.000328101,0.000531142,alpha1_uniform.csv
uniform,9,1,1,1,dp,332.324185501,13.9537956485,2421,1280,1.6784e-05,0.000156089,0.000639981,0.000815321,alpha1_uniform.csv
uniform,9,1,1,2,dp,291.630641708,0.0,5445,1280,8.2934e-05,0.000440074,0.001202281,0.001727416,alpha1_uniform.csv
uniform,9,1,1,inf,dp,291.630641708,0.0,11520,1280,0.001195562,0.001699444,0.002803976,0.005710898,alpha1_uniform.csv
uniform,9,2,1,0,dp,318.873735123,23.2964829247,657,1280,3.473e-06,3.849e-05,0.002485363,0.002532206,alpha1_uniform.csv
uniform,9,2,1,1,dp,297.124735207,14.8869624739,2421,1280,3.4656e-05,0.000500749,0.000912285,0.001480106,alpha1_uniform.csv
uniform,9,2,1,2,dp,283.797951288,9.73399625258,5445,1280,8.4962e-05,0.000468122,0.001126352,0.001683244,alpha1_uniform.csv
uniform,9,2,1,inf,dp,258.623545099,0.0,11520,1280,0.000943629,0.001300697,0.001851836,0.004099631,alpha1_uniform.csv
uniform,10,0,1,0,dp,291.501451309,8.05766834818,910,2816,3.742e-06,5.0839e-05,0.000806622,0.000865896,alpha1_uniform.csv
uniform,10,0,1,1,dp,284.335888007,5.40144121986,3790,2816,2.2562e-05,0.000265396,0.001850966,0.002142274,alpha1_uniform.csv
uniform,10,0,1,2,dp,273.265111872,1.29757741208,9670,2816,0.000263306,0.001358032,0.005242344,0.006869116,alpha1_uniform.csv
uniform,10,0,1,inf,dp,269.764705981,0.0,28160,2816,0.002711453,0.004297393,0.011242482,0.018257911,alpha1_uniform.csv
uniform,10,1,1,0,dp,351.254296273,18.5639442848,910,2816,0.000392379,5.3088e-05,0.000787609,0.00123765,alpha1_uniform.csv
uniform,10,1,1,1,dp,337.325800581,13.8624576274,3790,2816,2.2599e-05,0.000225172,0.001993815,0.002244578,alpha1_uniform.csv
uniform,10,1,1,2,dp,296.257263025,0.0,9670,2816,0.00010742,0.000730844,0.003754593,0.004596575,alpha1_uniform.csv
uniform,10,1,1,inf,dp,296.257263025,0.0,28160,2816,0.0109303,0.00530023,0.011184534,0.027420148,alpha1_uniform.csv
uniform,10,2,1,0,dp,342.792514321,30.7630010811,910,2816,4.505e-06,5.1014e-05,0.000822403,0.000883254,alpha1_uniform.csv
uniform,10,2,1,1,dp,305.053672191,16.3669916935,3790,2816,2.3371e-05,0.000271998,0.001925914,0.002225591,alpha1_uniform.csv
uniform,10,2,1,2,dp,289.882867902,10.5798761211,9670,2816,0.000116983,0.000724984,0.005604099,0.00644979,alpha1_uniform.csv
uniform,10,2,1,inf,dp,262.147940539,0.0,28160,2816,0.00258406,0.003673944,0.008221098,0.014485807,alpha1_uniform.csv
uniform,8,0,2,0,dp,216.776810058,1.33850953071,456,576,1.0474e-05,4.9984e-05,0.000148535,0.000215095,alpha2_uniform.csv
uniform,8,0,2,1,dp,213.913556714,0.0,1464,576,1.3218e-05,0.000166997,0.000258506,0.000441811,alpha2_uniform.csv
uniform,8,0,2,2,dp,213.913556714,0.0,2864,576,5.2911e-05,0.000359624,0.000353816,0.000768976,alpha2_uniform.csv
uniform,8,0,2,inf,dp,213.913556714,0.0,4608,576,0.000392037,0.000789967,0.000448171,0.001633695,alpha2_uniform.csv
uniform,8,1,2,0,dp,257.504393792,9.46851983013,456,576,2.011e-06,2.7452e-05,0.000132311,0.000164477,alpha2_uniform.csv
uniform,8,1,2,1,dp,235.23145667,0.0,1464,576,1.1992e-05,0.000107015,0.000238434,0.000359163,alpha2_uniform.csv
uniform,8,1,2,2,dp,235.23145667,0.0,2864,576,5.364e-05,0.000268787,0.000336219,0.00066059,alpha2_uniform.csv
uniform,8,1,2,inf,dp,235.23145667,0.0,4608,576,0.000325028,0.00056607,0.000452353,0.001345089,alpha2_uniform.csv
uniform,8,2,2,0,dp,224.707151301,8.0892241985,456,576,2.066e-06,2.7894e-05,0.000131023,0.000163384,alpha2_uniform.csv
uniform,8,2,2,1,dp,207.890428456,0.0,1464,576,1.1545e-05,0.000109856,0.000257421,0.000380657,alpha2_uniform.csv
uniform,8,2,2,2,dp,207.890428456,0.0,2864,576,6.2238e-05,0.000266915,0.000344701,0.000677869,alpha2_uniform.csv
uniform,8,2,2,inf,dp,207.890428456,0.0,4608,576,0.000323891,0.000726168,0.000445977,0.001498737,alpha2_uniform.csv
uniform,9,0,2,0,dp,220.037824194,1.62181023951,657,1280,2.642e-06,4.9376e-05,0.000337131,0.0003928,alpha2_uniform.csv
uniform,9,0,2,1,dp,216.804248206,0.128422242937,2421,1280,1.6824e-05,0.000179814,0.000678663,0.000877654,alpha2_uniform.csv
uniform,9,0,2,2,dp,216.526180428,0.0,5445,1280,8.1741e-05,0.002389713,0.001663778,0.004139779,alpha2_uniform.csv
uniform,9,0,2,inf,dp,216.526180428,0.0,11520,1280,0.001402203,0.001991791,0.00191968,0.005319426,alpha2_uniform.csv
uniform,9,1,2,0,dp,250.195370956,5.84173995007,657,1280,0.000162809,4.0042e-05,0.000342185,0.000548885,alpha2_uniform.csv
uniform,9,1,2,1,dp,241.802349241,2.29118656291,2421,1280,1.8527e-05,0.000179786,0.000665314,0.000866281,alpha2_uniform.csv
uniform,9,1,2,2,dp,236.386298141,0.0,5445,1280,8.4142e-05,0.000473069,0.001166757,0.001726264,alpha2_uniform.csv
uniform,9,1,2,inf,dp,236.386298141,0.0,11520,1280,0.000980554,0.00131929,0.002157692,0.004460292,alpha2_uniform.csv
uniform,9,2,2,0,dp,222.464502624,6.46715037581,657,1280,4.612e-06,4.5409e-05,0.000330293,0.000386259,alpha2_uniform.csv
uniform,9,2,2,1,dp,208.951307364,0.0,2421,1280,1.7792e-05,0.000192317,0.000744936,0.000957706,alpha2_uniform.csv
uniform,9,2,2,2,dp,208.951307364,0.0,5445,1280,9.1072e-05,0.000548833,0.00185482,0.002498029,alpha2_uniform.csv
uniform,9,2,2,inf,dp,208.951307364,0.0,11520,1280,0.00101516,0.001624778,0.00190998,0.004554588,alpha2_uniform.csv
uniform,10,0,2,0,dp,232.166747608,4.4957656877,910,2816,3.902e-06,5.1651e-05,0.000876962,0.000938044,alpha2_uniform.csv
uniform,10,0,2,1,dp,222.178139067,0.0,3790,2816,2.327e-05,0.000291233,0.001894699,0.002212449,alpha2_uniform.csv
uniform,10,0,2,2,dp,222.178139067,0.0,9670,2816,0.000102316,0.00078828,0.005037495,0.005931482,alpha2_uniform.csv
uniform,10,0,2,inf,dp,222.178139067,0.0,28160,2816,0.004079956,0.004037164,0.008865357,0.016990012,alpha2_uniform.csv
uniform,10,1,2,0,dp,254.28121678,7.56201248971,910,2816,0.000404459,5.3511e-05,0.000817489,0.001279913,alpha2_uniform.csv
uniform,10,1,2,1,dp,243.998213602,3.21225936914,3790,2816,2.3592e-05,0.000336686,0.001923278,0.00228703,alpha2_uniform.csv
uniform,10,1,2,2,dp,236.404294503,0.0,9670,2816,0.000105812,0.000746484,0.003826316,0.004682673,alpha2_uniform.csv
uniform,10,1,2,inf,dp,236.404294503,0.0,28160,2816,0.002482451,0.00428797,0.009487666,0.016263083,alpha2_uniform.csv
uniform,10,2,2,0,dp,226.232202065,7.32243404028,910,2816,4.52e-06,5.3348e-05,0.000821299,0.00088395,alpha2_uniform.csv
uniform,10,2,2,1,dp,210.79674915,1.3482992287599999e-14,3790,2816,2.9297e-05,0.000308027,0.00192034,0.002262805,alpha2_uniform.csv
uniform,10,2,2,2,dp,210.79674915,0.0,9670,2816,0.000109722,0.000785296,0.004179443,0.005079623,alpha2_uniform.csv
uniform,10,2,2,inf,dp,210.79674915,0.0,28160,2816,0.002274503,0.003907781,0.010010443,0.016200396,alpha2_uniform.csv
uniform,8,0,3,0,dp,185.290834195,1.85335925197,456,576,1.0018e-05,4.8623e-05,0.000127469,0.000192028,alpha3_uniform.csv
uniform,8,0,3,1,dp,181.919217546,0.0,1464,576,1.2643e-05,0.000154486,0.000233561,0.000403133,alpha3_uniform.csv
uniform,8,0,3,2,dp,181.919217546,0.0,2864,576,5.9503e-05,0.00034987,0.000376256,0.000788502,alpha3_uniform.csv
uniform,8,0,3,inf,dp,181.919217546,0.0,4608,576,0.000378072,0.000762418,0.00045869,0.001601887,alpha3_uniform.csv
uniform,8,1,3,0,dp,193.52640515,6.60520688216,456,576,2.054e-06,2.6777e-05,0.000145949,0.000177411,alpha3_uniform.csv
uniform,8,1,3,1,dp,181.535603006,0.0,1464,576,1.2579e-05,0.000104522,0.000229704,0.00034813,alpha3_uniform.csv
uniform,8,1,3,2,dp,181.535603006,0.0,2864,576,5.1856e-05,0.00048556,0.000344612,0.000884518,alpha3_uniform.csv
uniform,8,1,3,inf,dp,181.535603006,0.0,4608,576,0.000327492,0.000605962,0.000492555,0.001428072,alpha3_uniform.csv
uniform,8,2,3,0,dp,185.147299637,1.55456820645,456,576,1.851e-06,3.0075e-05,0.000151178,0.000185771,alpha3_uniform.csv
uniform,8,2,3,1,dp,182.313117871,0.0,1464,576,1.4524e-05,0.000108988,0.000233074,0.00035973,alpha3_uniform.csv
uniform,8,2,3,2,dp,182.313117871,0.0,2864,576,6.0926e-05,0.000268932,0.000398387,0.000730958,alpha3_uniform.csv
uniform,8,2,3,inf,dp,182.313117871,0.0,4608,576,0.00041166,0.001487992,0.001453775,0.003358154,alpha3_uniform.csv
uniform,9,0,3,0,dp,189.56358037,0.0,657,1280,4.775e-06,8.3558e-05,0.000502218,0.00059867,alpha3_uniform.csv
uniform,9,0,3,1,dp,189.56358037,0.0,2421,1280,1.9782e-05,0.000174455,0.000714091,0.000913212,alpha3_uniform.csv
uniform,9,0,3,2,dp,189.56358037,0.0,5445,1280,8.7665e-05,0.000647746,0.00120985,0.001949835,alpha3_uniform.csv
uniform,9,0,3,inf,dp,189.56358037,0.0,11520,1280,0.001207984,0.001571585,0.002012286,0.00479579,alpha3_uniform.csv
uniform,9,1,3,0,dp,211.756319507,5.47394234814,657,1280,0.000161644,3.8692e-05,0.000339867,0.000543809,alpha3_uniform.csv
uniform,9,1,3,1,dp,200.766478234,0.0,2421,1280,1.642e-05,0.000166509,0.000697573,0.00088325,alpha3_uniform.csv
uniform,9,1,3,2,dp,200.766478234,0.0,5445,1280,8.5398e-05,0.000469593,0.0012118,0.001768819,alpha3_uniform.csv
uniform,9,1,3,inf,dp,200.766478234,0.0,11520,1280,0.001074899,0.004048698,0.002111797,0.007266632,alpha3_uniform.csv
uniform,9,2,3,0,dp,194.506407581,1.66743011161,657,1280,3.367e-06,3.7696e-05,0.000320492,0.000365745,alpha3_uniform.csv
uniform,9,2,3,1,dp,191.316341298,0.0,2421,1280,4.0568e-05,0.00018937,0.00068188,0.000914234,alpha3_uniform.csv
uniform,9,2,3,2,dp,191.316341298,0.0,5445,1280,0.000727661,0.002668826,0.001260203,0.004660752,alpha3_uniform.csv
uniform,9,2,3,inf,dp,191.316341298,0.0,11520,1280,0.000958625,0.001348688,0.001992649,0.004304797,alpha3_uniform.csv
uniform,10,0,3,0,dp,201.487023188,0.0,910,2816,3.814e-06,4.9069e-05,0.000911451,0.000969743,alpha3_uniform.csv
uniform,10,0,3,1,dp,201.487023188,0.0,3790,2816,2.8197e-05,0.000278196,0.001999753,0.002310732,alpha3_uniform.csv
uniform,10,0,3,2,dp,201.487023188,0.0,9670,2816,0.000111555,0.000772028,0.007027078,0.007915949,alpha3_uniform.csv
uniform,10,0,3,inf,dp,201.487023188,0.0,28160,2816,0.00307299,0.004911616,0.01019148,0.018183124,alpha3_uniform.csv
uniform,10,1,3,0,dp,207.883156319,8.12494609083,910,2816,0.000415743,5.2652e-05,0.00083864,0.001311659,alpha3_uniform.csv
uniform,10,1,3,1,dp,192.261974535,0.0,3790,2816,2.3352e-05,0.000276144,0.003681445,0.00398493,alpha3_uniform.csv
uniform,10,1,3,2,dp,192.261974535,0.0,9670,2816,0.000256097,0.001699013,0.004829608,0.00679114,alpha3_uniform.csv
uniform,10,1,3,inf,dp,192.261974535,0.0,28160,2816,0.00354924,0.004161476,0.009614854,0.017333074,alpha3_uniform.csv
uniform,10,2,3,0,dp,186.790035375,0.0,910,2816,6.13e-06,5.3421e-05,0.001415112,0.001480157,alpha3_uniform.csv
uniform,10,2,3,1,dp,186.790035375,0.0,3790,2816,2.6011e-05,0.000289722,0.001949016,0.002270058,alpha3_uniform.csv
uniform,10,2,3,2,dp,186.790035375,0.0,9670,2816,0.000114052,0.000906003,0.004054708,0.005080844,alpha3_uniform.csv
uniform,10,2,3,inf,dp,186.790035375,0.0,28160,2816,0.002396314,0.004290568,0.008585568,0.015279905,alpha3_uniform.csv
