source_file,kind,n,k,third,alpha,value_mean,gap_mean,generated_ops_mean,states_mean,time_total_mean,time_first_mean,time_second_mean,time_third_mean
alpha1_uniform.csv,uniform,8,0,dp,1,312.29055081633334,17.977510800586668,456.0,576.0,0.00022300966666666667,5.303333333333333e-06,3.972866666666667e-05,0.00017374233333333335
alpha1_uniform.csv,uniform,8,1,dp,1,297.02717922,12.222773739933332,1464.0,576.0,0.000469965,1.2147666666666667e-05,0.00020142233333333333,0.0002538416666666667
alpha1_uniform.csv,uniform,8,2,dp,1,273.27617863333336,3.51091104621,2864.0,576.0,0.0007982509999999999,5.891066666666666e-05,0.0003426096666666667,0.0003929423333333333
alpha1_uniform.csv,uniform,8,inf,dp,1,264.29008118266665,0.0,4608.0,576.0,0.001577907,0.0004212546666666666,0.0007200906666666667,0.00043280766666666665
alpha1_uniform.csv,uniform,9,0,dp,1,313.17792536133334,16.818316710050002,657.0,1280.0,0.001167241,5.558533333333333e-05,6.349366666666666e-05,0.0010440973333333333
alpha1_uniform.csv,uniform,9,1,dp,1,299.060159661,11.55020861898,2421.0,1280.0,0.0010409386666666667,2.285566666666667e-05,0.00027185699999999997,0.000733507
alpha1_uniform.csv,uniform,9,2,dp,1,279.4445087203333,4.545446423846667,5445.0,1280.0,0.002137458,9.542300000000001e-05,0.000488192,0.0015506983333333335
alpha1_uniform.csv,uniform,9,inf,dp,1,267.7616633613333,0.0,11520.0,1280.0,0.005675767000000001,0.002004173,0.0014969263333333334,0.0021680696666666666
alpha1_uniform.csv,uniform,10,0,dp,1,328.516087301,19.12820457136,910.0,2816.0,0.0009956000000000001,0.000133542,5.1646999999999995e-05,0.0008055446666666667
alpha1_uniform.csv,uniform,10,1,dp,1,308.90512025966666,11.876963513586668,3790.0,2816.0,0.002204147666666667,2.2844e-05,0.00025418866666666667,0.0019235649999999997
alpha1_uniform.csv,uniform,10,2,dp,1,286.46841426633335,3.959151177726667,9670.0,2816.0,0.005971827,0.00016256966666666666,0.0009379533333333333,0.004867012
alpha1_uniform.csv,uniform,10,inf,dp,1,276.056636515,0.0,28160.0,2816.0,0.020054621999999998,0.005408604333333333,0.004423855666666667,0.010216037999999998
alpha2_uniform.csv,uniform,8,0,dp,2,232.99611838366664,6.298751186446668,456.0,576.0,0.00018098533333333334,4.850333333333333e-06,3.511e-05,0.00013728966666666666
alpha2_uniform.csv,uniform,8,1,dp,2,219.01181394666665,0.0,1464.0,576.0,0.000393877,1.2251666666666665e-05,0.000127956,0.00025145366666666665
alpha2_uniform.csv,uniform,8,2,dp,2,219.01181394666665,0.0,2864.0,576.0,0.0007024783333333334,5.6263e-05,0.000298442,0.000344912
alpha2_uniform.csv,uniform,8,inf,dp,2,219.01181394666665,0.0,4608.0,576.0,0.001492507,0.00034698533333333333,0.0006940683333333334,0.00044883366666666663
alpha2_uniform.csv,uniform,9,0,dp,2,230.89923259133334,4.6435668551300004,657.0,1280.0,0.0004426480000000001,5.668766666666667e-05,4.494233333333334e-05,0.00033653633333333334
alpha2_uniform.csv,uniform,9,1,dp,2,222.5193016036667,0.8065362686156666,2421.0,1280.0,0.0009005469999999999,1.7714333333333334e-05,0.00018397233333333337,0.0006963043333333333
alpha2_uniform.csv,uniform,9,2,dp,2,220.62126197766668,0.0,5445.0,1280.0,0.002788024,8.565166666666667e-05,0.0011372049999999999,0.0015617850000000002
alpha2_uniform.csv,uniform,9,inf,dp,2,220.62126197766668,0.0,11520.0,1280.0,0.004778102,0.0011326390000000002,0.0016452863333333333,0.001995784
alpha2_uniform.csv,uniform,10,0,dp,2,237.56005548433333,6.460070739230001,910.0,2816.0,0.0010339689999999998,0.000137627,5.283666666666667e-05,0.0008385833333333334
alpha2_uniform.csv,uniform,10,1,dp,2,225.65770060633335,1.0707531230466711,3790.0,2816.0,0.0022540946666666666,2.5386333333333335e-05,0.000311982,0.0019127723333333332
alpha2_uniform.csv,uniform,10,2,dp,2,223.12639424,0.0,9670.0,2816.0,0.0052312593333333325,0.00010595,0.0007733533333333333,0.0043477513333333336
alpha2_uniform.csv,uniform,10,inf,dp,2,223.12639424,0.0,28160.0,2816.0,0.016484497,0.0029456366666666665,0.004077638333333334,0.009454488666666669
alpha3_uniform.csv,uniform,8,0,dp,3,187.98817966066667,3.3377114468599998,456.0,576.0,0.00018507,4.641e-06,3.515833333333333e-05,0.000141532
alpha3_uniform.csv,uniform,8,1,dp,3,181.922646141,0.0,1464.0,576.0,0.000370331,1.3248666666666667e-05,0.00012266533333333334,0.00023211300000000002
alpha3_uniform.csv,uniform,8,2,dp,3,181.922646141,0.0,2864.0,576.0,0.0008013260000000001,5.7428333333333334e-05,0.0003681206666666667,0.000373085
alpha3_uniform.csv,uniform,8,inf,dp,3,181.922646141,0.0,4608.0,576.0,0.002129371,0.000372408,0.000952124,0.0008016733333333333
alpha3_uniform.csv,uniform,9,0,dp,3,198.60876915266667,2.380457486583333,657.0,1280.0,0.0005027413333333334,5.659533333333334e-05,5.3315333333333334e-05,0.0003875256666666667
alpha3_uniform.csv,uniform,9,1,dp,3,193.88213330066665,0.0,2421.0,1280.0,0.0009035653333333334,2.559e-05,0.00017677800000000002,0.000697848
alpha3_uniform.csv,uniform,9,2,dp,3,193.88213330066665,0.0,5445.0,1280.0,0.002793135333333333,0.00030024133333333335,0.001262055,0.0012272843333333333
alpha3_uniform.csv,uniform,9,inf,dp,3,193.88213330066665,0.0,11520.0,1280.0,0.005455739666666667,0.0010805026666666666,0.002322990333333333,0.0020389106666666664
alpha3_uniform.csv,uniform,10,0,dp,3,198.72007162733334,2.70831536361,910.0,2816.0,0.0012538529999999999,0.00014189566666666668,5.171399999999999e-05,0.0010550676666666668
alpha3_uniform.csv,uniform,10,1,dp,3,193.51301103266667,0.0,3790.0,2816.0,0.0028552399999999998,2.5853333333333332e-05,0.000281354,0.0025434046666666667
alpha3_uniform.csv,uniform,10,2,dp,3,193.51301103266667,0.0,9670.0,2816.0,0.006595977666666667,0.000160568,0.0011256813333333333,0.005303797999999999
alpha3_uniform.csv,uniform,10,inf,dp,3,193.51301103266667,0.0,28160.0,2816.0,0.016932034333333332,0.0030061813333333333,0.004454553333333333,0.009463967333333333
scale_inf_dp.csv,uniform,12,inf,dp,2,233.10704022,0.0,159744.0,13312.0,0.354076371,0.042841878,0.06195053,0.249260319
scale_inf_dp.csv,uniform,13,inf,dp,2,233.10704022,0.0,372736.0,28672.0,1.349510602,0.076575587,0.107505275,1.165420303
scale_inf_dp.csv,uniform,14,inf,dp,2,235.483015619,0.0,860160.0,61440.0,7.724339953,0.152907229,0.323024863,7.248395554
scale_k0_astar.csv,uniform,14,0,astar,2,246.856358405,,2562.0,56327.0,0.137657845,0.001084191,0.000266279,0.136037797
scale_k0_astar.csv,uniform,15,0,astar,2,248.653745817,,3165.0,120303.0,0.387206965,0.001992254,0.000239524,0.384186057
scale_k0_astar.csv,uniform,16,0,astar,2,254.914778984,,3856.0,258582.0,0.901358213,0.004446333,0.000254711,0.895956684
scale_k0_astar.csv,uniform,17,0,astar,2,255.780416514,,4641.0,543825.0,2.259658122,0.003095556,0.000386865,2.255511716
scale_k0_astar.csv,uniform,18,0,astar,2,250.016696537,,5526.0,1107807.0,5.700882361,0.025263664,0.000343139,5.673068675
scale_k2_astar.csv,uniform,12,2,astar,2,233.10704022,,26016.0,11882.0,0.136790944,0.000742706,0.004180873,0.131710856
scale_k2_astar.csv,uniform,13,2,astar,2,233.10704022,,40079.0,25546.0,0.282967287,0.00052564,0.005706435,0.276585062
scale_k2_astar.csv,uniform,14,2,astar,2,235.483015619,,59710.0,54163.0,0.755689126,0.000449455,0.005119597,0.74988571
scale_k2_astar.csv,uniform,15,2,astar,2,237.055679294,,86430.0,115862.0,1.868508588,0.001814225,0.007648578,1.857568321
scale_k2_astar.csv,uniform,16,2,astar,2,241.200510134,,122016.0,248018.0,5.228437478,0.001066979,0.011121978,5.214439193
week2_correctness.csv,uniform,6,0,astar,2,195.557649503,5.7922322416028,186.0,102.8,0.000108504,1.3915600000000001e-05,1.6445200000000003e-05,7.59536e-05
week2_correctness.csv,uniform,6,0,dp,2,195.557649503,5.7922322416028,186.0,112.0,8.184500000000001e-05,1.2842e-05,3.86954e-05,2.67324e-05
week2_correctness.csv,uniform,6,1,astar,2,185.6205025332,0.28521934453000003,426.0,99.4,0.0017961696,8.3674e-06,5.274e-05,0.0017332545999999998
week2_correctness.csv,uniform,6,1,dp,2,185.6205025332,0.28521934453000003,426.0,112.0,0.0001005848,9.496999999999999e-06,5.2435199999999996e-05,3.7342199999999996e-05
week2_correctness.csv,uniform,6,2,astar,2,184.983002259,0.0,606.0,99.4,0.00020843020000000002,3.0579399999999994e-05,7.47806e-05,0.00010103799999999999
week2_correctness.csv,uniform,6,2,dp,2,184.983002259,0.0,606.0,112.0,0.0001593184,3.08348e-05,8.514739999999999e-05,4.1967e-05
week2_correctness.csv,uniform,6,inf,astar,2,184.983002259,0.0,672.0,99.4,0.00026812399999999996,6.90284e-05,0.0001032446,9.38538e-05
week2_correctness.csv,uniform,6,inf,dp,2,184.983002259,0.0,672.0,112.0,0.0002168982,6.831599999999999e-05,0.0001056092,4.13746e-05
week2_correctness.csv,uniform,7,0,astar,2,209.7451945078,8.97715769844,301.0,237.4,0.0002941598,3.9416000000000005e-06,2.79296e-05,0.00025815960000000003
week2_correctness.csv,uniform,7,0,dp,2,209.7451945078,8.97715769844,301.0,256.0,0.0001104968,6.7062e-06,2.81432e-05,7.167020000000001e-05
week2_correctness.csv,uniform,7,1,astar,2,194.5394242786,1.046943196288,826.0,225.6,0.0004169162,1.4831800000000001e-05,8.812180000000001e-05,0.000310995
week2_correctness.csv,uniform,7,1,dp,2,194.5394242786,1.046943196288,826.0,256.0,0.00023679299999999998,1.4595400000000001e-05,9.88074e-05,0.00012154100000000001
week2_correctness.csv,uniform,7,2,astar,2,192.8382943452,0.285914344436,1386.0,225.2,0.000653942,8.79772e-05,0.00019529199999999999,0.00036686419999999996
week2_correctness.csv,uniform,7,2,dp,2,192.8382943452,0.285914344436,1386.0,256.0,0.00045359459999999997,5.69512e-05,0.0002474612,0.000146758
week2_correctness.csv,uniform,7,inf,astar,2,192.19918920679999,0.0,1792.0,225.0,0.0016837208,0.00032696959999999997,0.0009473330000000001,0.0004041862
week2_correctness.csv,uniform,7,inf,dp,2,192.19918920679999,0.0,1792.0,256.0,0.0007098562,0.0001931482,0.0003315812,0.00018139
week2_correctness.csv,uniform,8,0,astar,2,214.4163478272,8.207136988398,456.0,541.0,0.0007809182,1.9081e-05,6.24496e-05,0.0006931214
week2_correctness.csv,uniform,8,0,dp,2,214.4163478272,8.207136988398,456.0,576.0,0.000272882,4.9496e-06,7.93674e-05,0.00018373600000000002
week2_correctness.csv,uniform,8,1,astar,2,199.2296505954,0.1736951505178,1464.0,515.6,0.0013018136,3.54654e-05,0.0001474038,0.0011124412
week2_correctness.csv,uniform,8,1,dp,2,199.2296505954,0.1736951505178,1464.0,576.0,0.0007752363999999999,1.9329399999999998e-05,0.00015410400000000001,0.0005981774
week2_correctness.csv,uniform,8,2,astar,2,198.8605211628,0.0,2864.0,515.2,0.0037714064,0.00014643219999999998,0.0012852052,0.0023322858
week2_correctness.csv,uniform,8,2,dp,2,198.8605211628,0.0,2864.0,576.0,0.0015985869999999998,0.0001444882,0.0009385229999999999,0.000500759
week2_correctness.csv,uniform,8,inf,astar,2,198.8605211628,0.0,4608.0,515.2,0.0032041632,0.0005548546,0.000990487,0.0016513294000000001
week2_correctness.csv,uniform,8,inf,dp,2,198.8605211628,0.0,4608.0,576.0,0.0025116394,0.00047705480000000003,0.0009977842000000001,0.0010316124
week2_correctness.csv,uniform,9,0,astar,2,221.523646646,7.102612425496,657.0,1195.8,0.0020237116,5.5531999999999996e-05,4.3532800000000004e-05,0.0019188383999999999
week2_correctness.csv,uniform,9,0,dp,2,221.523646646,7.102612425496,657.0,1280.0,0.00045012359999999996,4.2996e-06,4.3750799999999995e-05,0.00039701060000000004
week2_correctness.csv,uniform,9,1,astar,2,208.5746106692,0.49087960901135996,2421.0,1149.8,0.0022191144000000005,2.01008e-05,0.000205632,0.0019889834
week2_correctness.csv,uniform,9,1,dp,2,208.5746106692,0.49087960901135996,2421.0,1280.0,0.0015036982,2.04576e-05,0.00023143,0.001247682
week2_correctness.csv,uniform,9,2,astar,2,207.4357868936,0.0069578478419600005,5445.0,1147.4,0.0076357482,8.77432e-05,0.0010908274,0.0064516562
week2_correctness.csv,uniform,9,2,dp,2,207.4357868936,0.0069578478419600005,5445.0,1280.0,0.0051466252,0.00019945039999999997,0.0028870544,0.0020551416
week2_correctness.csv,uniform,9,inf,astar,2,207.4251550988,0.0,11520.0,1147.0,0.0073149004,0.0011504616,0.0021661092,0.003992014800000001
week2_correctness.csv,uniform,9,inf,dp,2,207.4251550988,0.0,11520.0,1280.0,0.0102391456,0.001973458,0.0016882611999999998,0.0065714114
week2_correctness.csv,uniform,10,0,astar,2,235.6098908252,8.868325332418,910.0,2668.4,0.003596796,0.0002063412,5.3224000000000004e-05,0.0033226814
week2_correctness.csv,uniform,10,0,dp,2,235.6098908252,8.868325332418,910.0,2816.0,0.0015223538,5.9178e-06,0.00011087319999999998,0.0013995562
week2_correctness.csv,uniform,10,1,astar,2,220.70143389139997,1.9098716588400027,3790.0,2580.0,0.0065871342,3.41382e-05,0.0003650924,0.0061819983999999994
week2_correctness.csv,uniform,10,1,dp,2,220.70143389139997,1.9098716588400027,3790.0,2816.0,0.0027758932,0.0001123474,0.000296823,0.0023616732
week2_correctness.csv,uniform,10,2,astar,2,216.750303368,0.0,9670.0,2540.0,0.011510211,0.00013044020000000002,0.0008178506,0.0105479188
week2_correctness.csv,uniform,10,2,dp,2,216.750303368,0.0,9670.0,2816.0,0.0053696944,0.0001218762,0.0008038372,0.0044384482
week2_correctness.csv,uniform,10,inf,astar,2,216.750303368,0.0,28160.0,2541.0,0.026664979999999998,0.0027358092,0.007679582,0.0162417532
week2_correctness.csv,uniform,10,inf,dp,2,216.750303368,0.0,28160.0,2816.0,0.0181614858,0.0034179676,0.0048415559999999995,0.009894745
week3_kind_compare.csv,1-center,8,0,dp,2,169.34302828033333,1.4462642010403333,456.0,576.0,0.00015481233333333331,2.7229999999999996e-06,2.695133333333333e-05,0.000122481
week3_kind_compare.csv,1-center,8,1,dp,2,167.03895384333336,0.0,1464.0,576.0,0.00036386499999999995,1.2405e-05,0.00010590866666666667,0.000243905
week3_kind_compare.csv,1-center,8,2,dp,2,167.03895384333336,0.0,2864.0,576.0,0.000659449,5.439733333333333e-05,0.00026818733333333335,0.000334691
week3_kind_compare.csv,1-center,8,inf,dp,2,167.03895384333336,0.0,4608.0,576.0,0.0012784183333333333,0.0003294543333333333,0.000509186,0.00043799899999999995
week3_kind_compare.csv,1-center,9,0,dp,2,177.34071240466665,2.25113045364,657.0,1280.0,0.0003605066666666666,2.824e-06,3.7698e-05,0.00031729466666666667
week3_kind_compare.csv,1-center,9,1,dp,2,173.65968606566665,0.0,2421.0,1280.0,0.0008730426666666667,1.6723e-05,0.0001873156666666667,0.0006666426666666667
week3_kind_compare.csv,1-center,9,2,dp,2,173.65968606566665,0.0,5445.0,1280.0,0.003458880666666667,8.6081e-05,0.0004986206666666666,0.002871143
week3_kind_compare.csv,1-center,9,inf,dp,2,173.65968606566665,0.0,11520.0,1280.0,0.004040998333333333,0.000988941,0.00111183,0.001935715
week3_kind_compare.csv,1-center,10,0,dp,2,179.434931658,1.695907968529,910.0,2816.0,0.000853052,4.336666666666666e-06,5.144066666666667e-05,0.000792943
week3_kind_compare.csv,1-center,10,1,dp,2,176.36048160566668,0.0,3790.0,2816.0,0.0021561503333333335,2.2474000000000002e-05,0.00026518633333333337,0.0018653806666666668
week3_kind_compare.csv,1-center,10,2,dp,2,176.36048160566668,0.0,9670.0,2816.0,0.004991992666666666,0.00010532599999999999,0.001032325,0.003850494333333333
week3_kind_compare.csv,1-center,10,inf,dp,2,176.36048160566668,0.0,28160.0,2816.0,0.014711312999999998,0.0022508619999999997,0.0036369636666666663,0.008817242333333334
week3_kind_compare.csv,1-center,11,0,dp,2,184.15676123433332,2.8873630527166667,1221.0,6144.0,0.0020095333333333336,5.861e-06,7.054166666666667e-05,0.0019273566666666664
week3_kind_compare.csv,1-center,11,1,dp,2,179.52245565833334,0.2755253349353333,5676.0,6144.0,0.008944089666666667,3.165566666666667e-05,0.000398338,0.008508461333333333
week3_kind_compare.csv,1-center,11,2,dp,2,179.223391281,0.11266260519366667,16236.0,6144.0,0.016369623666666666,0.00015639200000000002,0.0012280056666666666,0.014973590666666666
week3_kind_compare.csv,1-center,11,inf,dp,2,179.01650925233335,0.0,67584.0,6144.0,0.062364686,0.005917887,0.011012328333333333,0.045426046666666664
week3_kind_compare.csv,1-center,12,0,dp,2,193.99898793666668,3.7728133605133336,1596.0,13312.0,0.005016829,1.3382333333333334e-05,8.710166666666666e-05,0.00491061
week3_kind_compare.csv,1-center,12,1,dp,2,188.2090715423333,0.6855674840933333,8196.0,13312.0,0.016743668,4.318e-05,0.0010846643333333333,0.015608868333333333
week3_kind_compare.csv,1-center,12,2,dp,2,186.83833001366668,0.0,26016.0,13312.0,0.04489192733333333,0.00021841833333333333,0.0021707316666666667,0.042495474666666665
week3_kind_compare.csv,1-center,12,inf,dp,2,186.83833001366668,0.0,159744.0,13312.0,0.2620615923333333,0.017873819,0.039968249000000004,0.2042119623333333
week3_kind_compare.csv,2-center,8,0,dp,2,191.87629059166667,0.5939827407433333,456.0,576.0,0.00022027533333333332,2.6603333333333336e-06,3.138666666666667e-05,0.00018267366666666667
week3_kind_compare.csv,2-center,8,1,dp,2,190.71207380566668,0.0,1464.0,576.0,0.000340658,1.2408e-05,0.00010510700000000001,0.00022137833333333331
week3_kind_compare.csv,2-center,8,2,dp,2,190.71207380566668,0.0,2864.0,576.0,0.0006523106666666668,5.4423666666666665e-05,0.00025836133333333335,0.0003379236666666667
week3_kind_compare.csv,2-center,8,inf,dp,2,190.71207380566668,0.0,4608.0,576.0,0.0012975469999999998,0.000322823,0.0005180976666666667,0.00045483599999999997
week3_kind_compare.csv,2-center,9,0,dp,2,204.62199088133335,1.0203032466366666,657.0,1280.0,0.0003629776666666666,2.793333333333334e-06,3.8511e-05,0.0003188283333333333
week3_kind_compare.csv,2-center,9,1,dp,2,202.712577591,0.06420205851,2421.0,1280.0,0.000933483,1.7322666666666666e-05,0.00021149700000000003,0.000702336
week3_kind_compare.csv,2-center,9,2,dp,2,202.59701288066665,0.0,5445.0,1280.0,0.0021842023333333333,9.7831e-05,0.000763321,0.0013195316666666668
week3_kind_compare.csv,2-center,9,inf,dp,2,202.59701288066665,0.0,11520.0,1280.0,0.003934387333333333,0.0009314923333333334,0.0010976863333333334,0.0019016996666666667
week3_kind_compare.csv,2-center,10,0,dp,2,204.90810245233334,1.4982651126433335,910.0,2816.0,0.0013665603333333333,4.036e-06,4.973933333333333e-05,0.0013083800000000003
week3_kind_compare.csv,2-center,10,1,dp,2,202.61944792733334,0.319249668458,3790.0,2816.0,0.0027123313333333333,2.327966666666667e-05,0.00027665733333333335,0.0024081080000000004
week3_kind_compare.csv,2-center,10,2,dp,2,202.04398256366665,0.0,9670.0,2816.0,0.005412911666666667,0.00010313033333333333,0.0007527096666666667,0.004553174666666666
week3_kind_compare.csv,2-center,10,inf,dp,2,202.04398256366665,0.0,28160.0,2816.0,0.016245198333333332,0.0022780996666666668,0.003255806,0.010705889666666668
week3_kind_compare.csv,2-center,11,0,dp,2,214.705282022,2.5677102628666666,1221.0,6144.0,0.0021241103333333334,5.9579999999999995e-06,6.5799e-05,0.0020475136666666667
week3_kind_compare.csv,2-center,11,1,dp,2,210.28637562166668,0.46651190365,5676.0,6144.0,0.005821001,3.1394666666666666e-05,0.0003906633333333333,0.005394687999999999
week3_kind_compare.csv,2-center,11,2,dp,2,209.38872600966667,0.0,16236.0,6144.0,0.015282787333333332,0.0002907506666666667,0.001205269,0.013782296
week3_kind_compare.csv,2-center,11,inf,dp,2,209.38872600966667,0.0,67584.0,6144.0,0.05978011,0.007632870333333333,0.009545858666666667,0.04259396166666667
week3_kind_compare.csv,2-center,12,0,dp,2,216.04934683166667,2.312118783443333,1596.0,13312.0,0.005524522,1.2948666666666667e-05,9.962633333333333e-05,0.005406320333333333
week3_kind_compare.csv,2-center,12,1,dp,2,211.54532086833333,0.18332188283999998,8196.0,13312.0,0.018110664666666665,4.234866666666667e-05,0.0005695763333333333,0.017492758
week3_kind_compare.csv,2-center,12,2,dp,2,211.28339242366667,0.04732477120933334,26016.0,13312.0,0.05250780833333333,0.00023218766666666666,0.00198913,0.05027881866666667
week3_kind_compare.csv,2-center,12,inf,dp,2,211.19224560766668,0.0,159744.0,13312.0,0.26860804666666666,0.02532135933333333,0.038625856666666666,0.20465064366666666
week3_kind_compare.csv,uniform,8,0,dp,2,232.99611838366664,6.298751186446668,456.0,576.0,0.00017520933333333333,4.943333333333333e-06,3.7337e-05,0.00012948
week3_kind_compare.csv,uniform,8,1,dp,2,219.01181394666665,0.0,1464.0,576.0,0.000377203,1.2079666666666667e-05,0.00011641066666666666,0.0002469083333333333
week3_kind_compare.csv,uniform,8,2,dp,2,219.01181394666665,0.0,2864.0,576.0,0.0006864126666666667,5.438166666666667e-05,0.000283435,0.000346571
week3_kind_compare.csv,uniform,8,inf,dp,2,219.01181394666665,0.0,4608.0,576.0,0.0014475893333333334,0.000346413,0.0006410343333333333,0.00045817966666666666
week3_kind_compare.csv,uniform,9,0,dp,2,230.89923259133334,4.6435668551300004,657.0,1280.0,0.00042210699999999996,5.641133333333334e-05,3.7679666666666664e-05,0.00032471700000000003
week3_kind_compare.csv,uniform,9,1,dp,2,222.5193016036667,0.8065362686156666,2421.0,1280.0,0.0008769186666666667,1.6993333333333336e-05,0.0001746256666666667,0.0006830306666666666
week3_kind_compare.csv,uniform,9,2,dp,2,220.62126197766668,0.0,5445.0,1280.0,0.0017497936666666667,8.771666666666665e-05,0.000500326,0.0011589579999999999
week3_kind_compare.csv,uniform,9,inf,dp,2,220.62126197766668,0.0,11520.0,1280.0,0.005542583333333333,0.001039762,0.0025547866666666666,0.0019443046666666665
week3_kind_compare.csv,uniform,10,0,dp,2,237.56005548433333,6.460070739230001,910.0,2816.0,0.0010088616666666668,0.0001324506666666667,5.065466666666666e-05,0.000820707
week3_kind_compare.csv,uniform,10,1,dp,2,225.65770060633335,1.0707531230466711,3790.0,2816.0,0.002264984,2.2773666666666665e-05,0.0002758463333333333,0.001963362
week3_kind_compare.csv,uniform,10,2,dp,2,223.12639424,0.0,9670.0,2816.0,0.004824061,0.00015004733333333334,0.0007373783333333334,0.003933259000000001
week3_kind_compare.csv,uniform,10,inf,dp,2,223.12639424,0.0,28160.0,2816.0,0.016457954333333333,0.002733034,0.004272515333333333,0.009447374333333333
week3_kind_compare.csv,uniform,11,0,dp,2,253.7402276263333,3.6236006529099996,1221.0,6144.0,0.005780658,0.0003353636666666667,9.782966666666666e-05,0.005340396333333333
week3_kind_compare.csv,uniform,11,1,dp,2,248.1626326426667,1.2847303604533333,5676.0,6144.0,0.0060482700000000006,3.247933333333333e-05,0.00042457733333333336,0.005584871333333334
week3_kind_compare.csv,uniform,11,2,dp,2,244.956026945,0.0,16236.0,6144.0,0.017125405666666666,0.00016695966666666667,0.0012405216666666666,0.01571185
week3_kind_compare.csv,uniform,11,inf,dp,2,244.956026945,0.0,67584.0,6144.0,0.07181658933333333,0.006197695333333334,0.018325122666666666,0.04728617633333334
week3_kind_compare.csv,uniform,12,0,dp,2,254.98135883866667,4.68766493794,1596.0,13312.0,0.006312272,1.2549333333333334e-05,0.00022852933333333334,0.006064394
week3_kind_compare.csv,uniform,12,1,dp,2,246.930347394,1.31253380284,8196.0,13312.0,0.017671011666666667,8.256933333333334e-05,0.0005579073333333333,0.017023024
week3_kind_compare.csv,uniform,12,2,dp,2,243.68700878433333,0.0,26016.0,13312.0,0.04738252933333333,0.000217062,0.0021786923333333335,0.044978935666666664
week3_kind_compare.csv,uniform,12,inf,dp,2,243.68700878433333,0.0,159744.0,13312.0,0.292061694,0.023358308999999997,0.04310566033333333,0.225589348
week3_uniform_k_compare.csv,uniform,8,0,astar,2,232.99611838366664,6.298751186446668,456.0,548.3333333333334,0.000675733,4.104666666666667e-06,3.8914e-05,0.0006270286666666667
week3_uniform_k_compare.csv,uniform,8,0,dp,2,232.99611838366664,6.298751186446668,456.0,576.0,0.000253394,7.778666666666667e-06,5.134333333333333e-05,0.000187798
week3_uniform_k_compare.csv,uniform,8,1,astar,2,219.01181394666665,0.0,1464.0,537.3333333333334,0.0011247683333333333,1.7308e-05,0.00015904466666666667,0.0009440393333333334
week3_uniform_k_compare.csv,uniform,8,1,dp,2,219.01181394666665,0.0,1464.0,576.0,0.0005461926666666667,1.8023333333333334e-05,0.00017567000000000003,0.000348578
week3_uniform_k_compare.csv,uniform,8,2,astar,2,219.01181394666665,0.0,2864.0,537.3333333333334,0.0026105729999999997,7.459300000000001e-05,0.00039412766666666667,0.0021347333333333334
week3_uniform_k_compare.csv,uniform,8,2,dp,2,219.01181394666665,0.0,2864.0,576.0,0.0010139783333333334,7.8101e-05,0.00040455066666666664,0.0005261113333333334
week3_uniform_k_compare.csv,uniform,8,inf,astar,2,219.01181394666665,0.0,4608.0,537.3333333333334,0.003312012333333333,0.0004962473333333333,0.0013826636666666667,0.0014251913333333333
week3_uniform_k_compare.csv,uniform,8,inf,dp,2,219.01181394666665,0.0,4608.0,576.0,0.003181841333333333,0.0005177656666666666,0.0010669043333333334,0.0015915276666666669
week3_uniform_k_compare.csv,uniform,9,0,astar,2,230.89923259133334,4.6435668551300004,657.0,1196.3333333333333,0.0014176,7.477166666666666e-05,4.4175666666666664e-05,0.00129328
week3_uniform_k_compare.csv,uniform,9,0,dp,2,230.89923259133334,4.6435668551300004,657.0,1280.0,0.0005249273333333334,5.585666666666666e-06,5.514033333333334e-05,0.00045820466666666673
week3_uniform_k_compare.csv,uniform,9,1,astar,2,222.5193016036667,0.8065362686156666,2421.0,1185.0,0.0023423596666666668,2.0705666666666667e-05,0.000201358,0.0021164083333333333
week3_uniform_k_compare.csv,uniform,9,1,dp,2,222.5193016036667,0.8065362686156666,2421.0,1280.0,0.00126168,2.4261333333333334e-05,0.000237544,0.0009950809999999999
week3_uniform_k_compare.csv,uniform,9,2,astar,2,220.62126197766668,0.0,5445.0,1178.6666666666667,0.003673179,9.605533333333332e-05,0.0006453033333333333,0.0029264183333333332
week3_uniform_k_compare.csv,uniform,9,2,dp,2,220.62126197766668,0.0,5445.0,1280.0,0.002921538,0.00011339266666666667,0.0012878963333333333,0.001514542
week3_uniform_k_compare.csv,uniform,9,inf,astar,2,220.62126197766668,0.0,11520.0,1178.6666666666667,0.007847001333333332,0.001106917,0.0018328136666666665,0.0049021563333333336
week3_uniform_k_compare.csv,uniform,9,inf,dp,2,220.62126197766668,0.0,11520.0,1280.0,0.006106953666666667,0.0013605810000000002,0.0018695923333333332,0.002871303
week3_uniform_k_compare.csv,uniform,10,0,astar,2,237.56005548433333,6.460070739230001,910.0,2657.6666666666665,0.004842140666666667,0.0001406536666666667,5.492966666666667e-05,0.0046402480000000005
week3_uniform_k_compare.csv,uniform,10,0,dp,2,237.56005548433333,6.460070739230001,910.0,2816.0,0.001304642666666667,4.137e-06,5.2013000000000005e-05,0.0012436926666666668
week3_uniform_k_compare.csv,uniform,10,1,astar,2,225.65770060633335,1.0707531230466711,3790.0,2591.0,0.00632263,2.4952666666666666e-05,0.00027220200000000003,0.006018982
week3_uniform_k_compare.csv,uniform,10,1,dp,2,225.65770060633335,1.0707531230466711,3790.0,2816.0,0.002379818666666667,2.4996333333333333e-05,0.000301548,0.0020477073333333333
week3_uniform_k_compare.csv,uniform,10,2,astar,2,223.12639424,0.0,9670.0,2581.6666666666665,0.011769292333333334,0.000116885,0.000753815,0.010892437999999999
week3_uniform_k_compare.csv,uniform,10,2,dp,2,223.12639424,0.0,9670.0,2816.0,0.005938293666666667,0.00010722666666666666,0.0007585713333333333,0.005068388666666666
week3_uniform_k_compare.csv,uniform,10,inf,astar,2,223.12639424,0.0,28160.0,2581.6666666666665,0.03234130633333333,0.007190479666666667,0.004439842,0.020702549
week3_uniform_k_compare.csv,uniform,10,inf,dp,2,223.12639424,0.0,28160.0,2816.0,0.019992832,0.0027911946666666666,0.007517813666666667,0.009677325666666667
week3_uniform_k_compare.csv,uniform,11,0,astar,2,253.7402276263333,3.6236006529099996,1221.0,5754.333333333333,0.008366962,0.0004868956666666667,7.070733333333335e-05,0.0078018053333333325
week3_uniform_k_compare.csv,uniform,11,0,dp,2,253.7402276263333,3.6236006529099996,1221.0,6144.0,0.002073949,6.405e-06,6.761133333333333e-05,0.0019939093333333335
week3_uniform_k_compare.csv,uniform,11,1,astar,2,248.1626326426667,1.2847303604533333,5676.0,5782.333333333333,0.019135686333333336,3.343166666666667e-05,0.00041371566666666663,0.018681478333333335
week3_uniform_k_compare.csv,uniform,11,1,dp,2,248.1626326426667,1.2847303604533333,5676.0,6144.0,0.006566462999999999,3.0760000000000004e-05,0.0004017596666666667,0.006129538666666667
week3_uniform_k_compare.csv,uniform,11,2,astar,2,244.956026945,0.0,16236.0,5724.333333333333,0.029410671000000003,0.00016137966666666666,0.001437615,0.027803462
week3_uniform_k_compare.csv,uniform,11,2,dp,2,244.956026945,0.0,16236.0,6144.0,0.018179448666666667,0.00015702133333333332,0.0012488850000000001,0.016767576333333332
week3_uniform_k_compare.csv,uniform,11,inf,astar,2,244.956026945,0.0,67584.0,5724.666666666667,0.08027541133333334,0.007039071333333333,0.012118151,0.06110947733333333
week3_uniform_k_compare.csv,uniform,11,inf,dp,2,244.956026945,0.0,67584.0,6144.0,0.06632538766666667,0.00970077,0.014792573999999998,0.04182467
week3_uniform_k_compare.csv,uniform,12,0,astar,2,254.98135883866667,4.68766493794,1596.0,12485.0,0.020116343666666665,1.4319999999999998e-05,9.452933333333332e-05,0.019999269333333333
week3_uniform_k_compare.csv,uniform,12,0,dp,2,254.98135883866667,4.68766493794,1596.0,13312.0,0.005139754666666667,1.2402e-05,8.970566666666668e-05,0.00503145
week3_uniform_k_compare.csv,uniform,12,1,astar,2,246.930347394,1.31253380284,8196.0,12367.666666666666,0.04352853833333333,4.292933333333333e-05,0.0006225023333333333,0.042853967666666666
week3_uniform_k_compare.csv,uniform,12,1,dp,2,246.930347394,1.31253380284,8196.0,13312.0,0.017717442666666666,4.633599999999999e-05,0.0005446693333333333,0.017120474666666666
week3_uniform_k_compare.csv,uniform,12,2,astar,2,243.68700878433333,0.0,26016.0,12266.666666666666,0.08468743633333335,0.00022085633333333334,0.0028458056666666666,0.081611701
week3_uniform_k_compare.csv,uniform,12,2,dp,2,243.68700878433333,0.0,26016.0,13312.0,0.04876550033333333,0.00022700366666666668,0.0028735903333333332,0.04565720066666667
week3_uniform_k_compare.csv,uniform,12,inf,astar,2,243.68700878433333,0.0,159744.0,12266.666666666666,0.31443781666666665,0.016690377666666666,0.03531654866666667,0.26242167433333335
week3_uniform_k_compare.csv,uniform,12,inf,dp,2,243.68700878433333,0.0,159744.0,13312.0,0.26297580466666665,0.019530850666666665,0.03761235166666666,0.205824259
